"date","airtmin","DOY","year","month","day"
1998-01-01,-22,1,1998,1,1
1998-01-02,-21,2,1998,1,2
1998-01-03,-5,3,1998,1,3
1998-01-04,1,4,1998,1,4
1998-01-05,-2,5,1998,1,5
1998-01-06,-2,6,1998,1,6
1998-01-07,-2,7,1998,1,7
1998-01-08,-3,8,1998,1,8
1998-01-09,-2,9,1998,1,9
1998-01-10,-3,10,1998,1,10
1998-01-11,-4,11,1998,1,11
1998-01-12,-11,12,1998,1,12
1998-01-13,-11,13,1998,1,13
1998-01-14,-11,14,1998,1,14
1998-01-15,-13,15,1998,1,15
1998-01-16,-15,16,1998,1,16
1998-01-17,-8,17,1998,1,17
1998-01-18,-8,18,1998,1,18
1998-01-19,-8,19,1998,1,19
1998-01-20,-6,20,1998,1,20
1998-01-21,-7,21,1998,1,21
1998-01-22,-14,22,1998,1,22
1998-01-23,-13,23,1998,1,23
1998-01-24,-14,24,1998,1,24
1998-01-25,-6,25,1998,1,25
1998-01-26,-9,26,1998,1,26
1998-01-27,-17,27,1998,1,27
1998-01-28,-14,28,1998,1,28
1998-01-29,-6,29,1998,1,29
1998-01-30,-6,30,1998,1,30
1998-01-31,-4,31,1998,1,31
1998-02-01,-10,32,1998,2,1
1998-02-02,-9,33,1998,2,2
1998-02-03,-9,34,1998,2,3
1998-02-04,-4,35,1998,2,4
1998-02-05,-14,36,1998,2,5
1998-02-06,-7,37,1998,2,6
1998-02-07,-11,38,1998,2,7
1998-02-08,-9,39,1998,2,8
1998-02-09,-12,40,1998,2,9
1998-02-10,-11,41,1998,2,10
1998-02-11,-4,42,1998,2,11
1998-02-12,-10,43,1998,2,12
1998-02-13,-6,44,1998,2,13
1998-02-14,-14,45,1998,2,14
1998-02-15,-19,46,1998,2,15
1998-02-16,-18,47,1998,2,16
1998-02-17,-12,48,1998,2,17
1998-02-18,-11,49,1998,2,18
1998-02-19,-18,50,1998,2,19
1998-02-20,-2,51,1998,2,20
1998-02-21,-2,52,1998,2,21
1998-02-22,-5,53,1998,2,22
1998-02-23,-6,54,1998,2,23
1998-02-24,-3,55,1998,2,24
1998-02-25,NA,56,1998,2,25
1998-02-26,-2,57,1998,2,26
1998-02-27,NA,58,1998,2,27
1998-02-28,-4,59,1998,2,28
1998-03-01,0,60,1998,3,1
1998-03-02,-3,61,1998,3,2
1998-03-03,-4,62,1998,3,3
1998-03-04,-5,63,1998,3,4
1998-03-05,-5,64,1998,3,5
1998-03-06,-6,65,1998,3,6
1998-03-07,-4,66,1998,3,7
1998-03-08,-4,67,1998,3,8
1998-03-09,-3,68,1998,3,9
1998-03-10,-4,69,1998,3,10
1998-03-11,-16,70,1998,3,11
1998-03-12,-18,71,1998,3,12
1998-03-13,NA,72,1998,3,13
1998-03-14,NA,73,1998,3,14
1998-03-15,-7,74,1998,3,15
1998-03-16,-9,75,1998,3,16
1998-03-17,-11,76,1998,3,17
1998-03-18,-5,77,1998,3,18
1998-03-19,-3,78,1998,3,19
1998-03-20,NA,79,1998,3,20
1998-03-21,-6,80,1998,3,21
1998-03-22,-7,81,1998,3,22
1998-03-23,-11,82,1998,3,23
1998-03-24,NA,83,1998,3,24
1998-03-25,-9,84,1998,3,25
1998-03-26,-3,85,1998,3,26
1998-03-27,-1,86,1998,3,27
1998-03-28,3,87,1998,3,28
1998-03-29,NA,88,1998,3,29
1998-03-30,2,89,1998,3,30
1998-03-31,NA,90,1998,3,31
1998-04-01,4,91,1998,4,1
1998-04-02,1,92,1998,4,2
1998-04-03,-1,93,1998,4,3
1998-04-04,-2,94,1998,4,4
1998-04-05,-4,95,1998,4,5
1998-04-06,-7,96,1998,4,6
1998-04-07,-4,97,1998,4,7
1998-04-08,-2,98,1998,4,8
1998-04-09,2,99,1998,4,9
1998-04-10,-1,100,1998,4,10
1998-04-11,-8,101,1998,4,11
1998-04-12,-4,102,1998,4,12
1998-04-13,-2,103,1998,4,13
1998-04-14,0,104,1998,4,14
1998-04-15,0,105,1998,4,15
1998-04-16,4,106,1998,4,16
1998-04-17,7,107,1998,4,17
1998-04-18,-2,108,1998,4,18
1998-04-19,3,109,1998,4,19
1998-04-20,3,110,1998,4,20
1998-04-21,-2,111,1998,4,21
1998-04-22,0,112,1998,4,22
1998-04-23,4,113,1998,4,23
1998-04-24,1,114,1998,4,24
1998-04-25,1,115,1998,4,25
1998-04-26,-3,116,1998,4,26
1998-04-27,-2,117,1998,4,27
1998-04-28,-3,118,1998,4,28
1998-04-29,-1,119,1998,4,29
1998-04-30,1,120,1998,4,30
1998-05-01,7,121,1998,5,1
1998-05-02,7,122,1998,5,2
1998-05-03,4,123,1998,5,3
1998-05-04,6,124,1998,5,4
1998-05-05,9,125,1998,5,5
1998-05-06,9,126,1998,5,6
1998-05-07,9,127,1998,5,7
1998-05-08,11,128,1998,5,8
1998-05-09,9,129,1998,5,9
1998-05-10,5,130,1998,5,10
1998-05-11,1,131,1998,5,11
1998-05-12,4,132,1998,5,12
1998-05-13,NA,133,1998,5,13
1998-05-14,-1,134,1998,5,14
1998-05-15,NA,135,1998,5,15
1998-05-16,10,136,1998,5,16
1998-05-17,8,137,1998,5,17
1998-05-18,6,138,1998,5,18
1998-05-19,8,139,1998,5,19
1998-05-20,7,140,1998,5,20
1998-05-21,10,141,1998,5,21
1998-05-22,3,142,1998,5,22
1998-05-23,3,143,1998,5,23
1998-05-24,4,144,1998,5,24
1998-05-25,9,145,1998,5,25
1998-05-26,8,146,1998,5,26
1998-05-27,4,147,1998,5,27
1998-05-28,8,148,1998,5,28
1998-05-29,13,149,1998,5,29
1998-05-30,12,150,1998,5,30
1998-05-31,10,151,1998,5,31
1998-06-01,9,152,1998,6,1
1998-06-02,2,153,1998,6,2
1998-06-03,NA,154,1998,6,3
1998-06-04,1,155,1998,6,4
1998-06-05,-2,156,1998,6,5
1998-06-06,4,157,1998,6,6
1998-06-07,8,158,1998,6,7
1998-06-08,6,159,1998,6,8
1998-06-09,6,160,1998,6,9
1998-06-10,8,161,1998,6,10
1998-06-11,9,162,1998,6,11
1998-06-12,10,163,1998,6,12
1998-06-13,11,164,1998,6,13
1998-06-14,14,165,1998,6,14
1998-06-15,13,166,1998,6,15
1998-06-16,13,167,1998,6,16
1998-06-17,13,168,1998,6,17
1998-06-18,15,169,1998,6,18
1998-06-19,13,170,1998,6,19
1998-06-20,14,171,1998,6,20
1998-06-21,14,172,1998,6,21
1998-06-22,15,173,1998,6,22
1998-06-23,14,174,1998,6,23
1998-06-24,15,175,1998,6,24
1998-06-25,16,176,1998,6,25
1998-06-26,11,177,1998,6,26
1998-06-27,16,178,1998,6,27
1998-06-28,11,179,1998,6,28
1998-06-29,12,180,1998,6,29
1998-06-30,14,181,1998,6,30
1998-07-01,14,182,1998,7,1
1998-07-02,10,183,1998,7,2
1998-07-03,12,184,1998,7,3
1998-07-04,11,185,1998,7,4
1998-07-05,14,186,1998,7,5
1998-07-06,9,187,1998,7,6
1998-07-07,14,188,1998,7,7
1998-07-08,13,189,1998,7,8
1998-07-09,11,190,1998,7,9
1998-07-10,12,191,1998,7,10
1998-07-11,8,192,1998,7,11
1998-07-12,9,193,1998,7,12
1998-07-13,12,194,1998,7,13
1998-07-14,14,195,1998,7,14
1998-07-15,15,196,1998,7,15
1998-07-16,17,197,1998,7,16
1998-07-17,17,198,1998,7,17
1998-07-18,15,199,1998,7,18
1998-07-19,11,200,1998,7,19
1998-07-20,16,201,1998,7,20
1998-07-21,14,202,1998,7,21
1998-07-22,17,203,1998,7,22
1998-07-23,16,204,1998,7,23
1998-07-24,14,205,1998,7,24
1998-07-25,9,206,1998,7,25
1998-07-26,14,207,1998,7,26
1998-07-27,11,208,1998,7,27
1998-07-28,14,209,1998,7,28
1998-07-29,17,210,1998,7,29
1998-07-30,11,211,1998,7,30
1998-07-31,13,212,1998,7,31
1998-08-01,8,213,1998,8,1
1998-08-02,9,214,1998,8,2
1998-08-03,12,215,1998,8,3
1998-08-04,13,216,1998,8,4
1998-08-05,14,217,1998,8,5
1998-08-06,14,218,1998,8,6
1998-08-07,16,219,1998,8,7
1998-08-08,12,220,1998,8,8
1998-08-09,14,221,1998,8,9
1998-08-10,16,222,1998,8,10
1998-08-11,18,223,1998,8,11
1998-08-12,13,224,1998,8,12
1998-08-13,8,225,1998,8,13
1998-08-14,11,226,1998,8,14
1998-08-15,14,227,1998,8,15
1998-08-16,14,228,1998,8,16
1998-08-17,16,229,1998,8,17
1998-08-18,17,230,1998,8,18
1998-08-19,7,231,1998,8,19
1998-08-20,7,232,1998,8,20
1998-08-21,10,233,1998,8,21
1998-08-22,11,234,1998,8,22
1998-08-23,9,235,1998,8,23
1998-08-24,14,236,1998,8,24
1998-08-25,15,237,1998,8,25
1998-08-26,17,238,1998,8,26
1998-08-27,14,239,1998,8,27
1998-08-28,13,240,1998,8,28
1998-08-29,14,241,1998,8,29
1998-08-30,14,242,1998,8,30
1998-08-31,12,243,1998,8,31
1998-09-01,8,244,1998,9,1
1998-09-02,10,245,1998,9,2
1998-09-03,9,246,1998,9,3
1998-09-04,10,247,1998,9,4
1998-09-05,7,248,1998,9,5
1998-09-06,9,249,1998,9,6
1998-09-07,14,250,1998,9,7
1998-09-08,14,251,1998,9,8
1998-09-09,4,252,1998,9,9
1998-09-10,4,253,1998,9,10
1998-09-11,5,254,1998,9,11
1998-09-12,7,255,1998,9,12
1998-09-13,10,256,1998,9,13
1998-09-14,12,257,1998,9,14
1998-09-15,12,258,1998,9,15
1998-09-16,16,259,1998,9,16
1998-09-17,4,260,1998,9,17
1998-09-18,7,261,1998,9,18
1998-09-19,9,262,1998,9,19
1998-09-20,12,263,1998,9,20
1998-09-21,14,264,1998,9,21
1998-09-22,15,265,1998,9,22
1998-09-23,3,266,1998,9,23
1998-09-24,-2,267,1998,9,24
1998-09-25,0,268,1998,9,25
1998-09-26,2,269,1998,9,26
1998-09-27,8,270,1998,9,27
1998-09-28,12,271,1998,9,28
1998-09-29,2,272,1998,9,29
1998-09-30,4,273,1998,9,30
1998-10-01,6,274,1998,10,1
1998-10-02,-1,275,1998,10,2
1998-10-03,-1,276,1998,10,3
1998-10-04,-2,277,1998,10,4
1998-10-05,1,278,1998,10,5
1998-10-06,-4,279,1998,10,6
1998-10-07,-2,280,1998,10,7
1998-10-08,-2,281,1998,10,8
1998-10-09,9,282,1998,10,9
1998-10-10,-2,283,1998,10,10
1998-10-11,9,284,1998,10,11
1998-10-12,7,285,1998,10,12
1998-10-13,6,286,1998,10,13
1998-10-14,4,287,1998,10,14
1998-10-15,3,288,1998,10,15
1998-10-16,2,289,1998,10,16
1998-10-17,-2,290,1998,10,17
1998-10-18,-1,291,1998,10,18
1998-10-19,NA,292,1998,10,19
1998-10-20,NA,293,1998,10,20
1998-10-21,-3,294,1998,10,21
1998-10-22,-4,295,1998,10,22
1998-10-23,-7,296,1998,10,23
1998-10-24,-3,297,1998,10,24
1998-10-25,3,298,1998,10,25
1998-10-26,0,299,1998,10,26
1998-10-27,-2,300,1998,10,27
1998-10-28,1,301,1998,10,28
1998-10-29,1,302,1998,10,29
1998-10-30,NA,303,1998,10,30
1998-10-31,NA,304,1998,10,31
1998-11-01,-2,305,1998,11,1
1998-11-02,1,306,1998,11,2
1998-11-03,NA,307,1998,11,3
1998-11-04,NA,308,1998,11,4
1998-11-05,-7,309,1998,11,5
1998-11-06,-8,310,1998,11,6
1998-11-07,-7,311,1998,11,7
1998-11-08,-5,312,1998,11,8
1998-11-09,-8,313,1998,11,9
1998-11-10,-7,314,1998,11,10
1998-11-11,NA,315,1998,11,11
1998-11-12,-2,316,1998,11,12
1998-11-13,-2,317,1998,11,13
1998-11-14,-6,318,1998,11,14
1998-11-15,-3,319,1998,11,15
1998-11-16,NA,320,1998,11,16
1998-11-17,-1,321,1998,11,17
1998-11-18,-3,322,1998,11,18
1998-11-19,-7,323,1998,11,19
1998-11-20,NA,324,1998,11,20
1998-11-21,-3,325,1998,11,21
1998-11-22,-6,326,1998,11,22
1998-11-23,NA,327,1998,11,23
1998-11-24,-4,328,1998,11,24
1998-11-25,NA,329,1998,11,25
1998-11-26,-4,330,1998,11,26
1998-11-27,-1,331,1998,11,27
1998-11-28,-3,332,1998,11,28
1998-11-29,-4,333,1998,11,29
1998-11-30,-1,334,1998,11,30
1998-12-01,2,335,1998,12,1
1998-12-02,NA,336,1998,12,2
1998-12-03,NA,337,1998,12,3
1998-12-04,3,338,1998,12,4
1998-12-05,-4,339,1998,12,5
1998-12-06,-1,340,1998,12,6
1998-12-07,-1,341,1998,12,7
1998-12-08,-5,342,1998,12,8
1998-12-09,-3,343,1998,12,9
1998-12-10,-7,344,1998,12,10
1998-12-11,-8,345,1998,12,11
1998-12-12,-9,346,1998,12,12
1998-12-13,-7,347,1998,12,13
1998-12-14,-6,348,1998,12,14
1998-12-15,-8,349,1998,12,15
1998-12-16,NA,350,1998,12,16
1998-12-17,-4,351,1998,12,17
1998-12-18,-9,352,1998,12,18
1998-12-19,-15,353,1998,12,19
1998-12-20,NA,354,1998,12,20
1998-12-21,-3,355,1998,12,21
1998-12-22,-12,356,1998,12,22
1998-12-23,NA,357,1998,12,23
1998-12-24,-14,358,1998,12,24
1998-12-25,-14,359,1998,12,25
1998-12-26,-13,360,1998,12,26
1998-12-27,NA,361,1998,12,27
1998-12-28,-12,362,1998,12,28
1998-12-29,-6,363,1998,12,29
1998-12-30,-4,364,1998,12,30
1998-12-31,-18,365,1998,12,31
1999-01-01,-17,1,1999,1,1
1999-01-02,NA,2,1999,1,2
1999-01-03,-19,3,1999,1,3
1999-01-04,-9,4,1999,1,4
1999-01-05,-16,5,1999,1,5
1999-01-06,-18,6,1999,1,6
1999-01-07,-18,7,1999,1,7
1999-01-08,-19,8,1999,1,8
1999-01-09,-19,9,1999,1,9
1999-01-10,-14,10,1999,1,10
1999-01-11,-16,11,1999,1,11
1999-01-12,-17,12,1999,1,12
1999-01-13,-8,13,1999,1,13
1999-01-14,-21,14,1999,1,14
1999-01-15,-22,15,1999,1,15
1999-01-16,-13,16,1999,1,16
1999-01-17,-13,17,1999,1,17
1999-01-18,-6,18,1999,1,18
1999-01-19,-4,19,1999,1,19
1999-01-20,-6,20,1999,1,20
1999-01-21,-9,21,1999,1,21
1999-01-22,-8,22,1999,1,22
1999-01-23,-2,23,1999,1,23
1999-01-24,-2,24,1999,1,24
1999-01-25,-4,25,1999,1,25
1999-01-26,-10,26,1999,1,26
1999-01-27,-10,27,1999,1,27
1999-01-28,-8,28,1999,1,28
1999-01-29,-12,29,1999,1,29
1999-01-30,-16,30,1999,1,30
1999-01-31,-13,31,1999,1,31
1999-02-01,-15,32,1999,2,1
1999-02-02,-10,33,1999,2,2
1999-02-03,-5,34,1999,2,3
1999-02-04,-6,35,1999,2,4
1999-02-05,-4,36,1999,2,5
1999-02-06,-12,37,1999,2,6
1999-02-07,-8,38,1999,2,7
1999-02-08,-12,39,1999,2,8
1999-02-09,-11,40,1999,2,9
1999-02-10,-9,41,1999,2,10
1999-02-11,-11,42,1999,2,11
1999-02-12,-11,43,1999,2,12
1999-02-13,-7,44,1999,2,13
1999-02-14,-11,45,1999,2,14
1999-02-15,-15,46,1999,2,15
1999-02-16,-11,47,1999,2,16
1999-02-17,-7,48,1999,2,17
1999-02-18,-5,49,1999,2,18
1999-02-19,-4,50,1999,2,19
1999-02-20,-7,51,1999,2,20
1999-02-21,-8,52,1999,2,21
1999-02-22,-19,53,1999,2,22
1999-02-23,-19,54,1999,2,23
1999-02-24,-18,55,1999,2,24
1999-02-25,-12,56,1999,2,25
1999-02-26,-11,57,1999,2,26
1999-02-27,-18,58,1999,2,27
1999-02-28,-9,59,1999,2,28
1999-03-01,-3,60,1999,3,1
1999-03-02,-4,61,1999,3,2
1999-03-03,-7,62,1999,3,3
1999-03-04,-4,63,1999,3,4
1999-03-05,-13,64,1999,3,5
1999-03-06,-10,65,1999,3,6
1999-03-07,-16,66,1999,3,7
1999-03-08,NA,67,1999,3,8
1999-03-09,-17,68,1999,3,9
1999-03-10,-13,69,1999,3,10
1999-03-11,-13,70,1999,3,11
1999-03-12,NA,71,1999,3,12
1999-03-13,NA,72,1999,3,13
1999-03-14,-7,73,1999,3,14
1999-03-15,-5,74,1999,3,15
1999-03-16,-16,75,1999,3,16
1999-03-17,NA,76,1999,3,17
1999-03-18,0,77,1999,3,18
1999-03-19,NA,78,1999,3,19
1999-03-20,-6,79,1999,3,20
1999-03-21,-17,80,1999,3,21
1999-03-22,NA,81,1999,3,22
1999-03-23,-5,82,1999,3,23
1999-03-24,-5,83,1999,3,24
1999-03-25,-3,84,1999,3,25
1999-03-26,-8,85,1999,3,26
1999-03-27,-4,86,1999,3,27
1999-03-28,-1,87,1999,3,28
1999-03-29,-1,88,1999,3,29
1999-03-30,0,89,1999,3,30
1999-03-31,NA,90,1999,3,31
1999-04-01,-3,91,1999,4,1
1999-04-02,2,92,1999,4,2
1999-04-03,1,93,1999,4,3
1999-04-04,2,94,1999,4,4
1999-04-05,-5,95,1999,4,5
1999-04-06,-4,96,1999,4,6
1999-04-07,-3,97,1999,4,7
1999-04-08,-2,98,1999,4,8
1999-04-09,-2,99,1999,4,9
1999-04-10,-1,100,1999,4,10
1999-04-11,-7,101,1999,4,11
1999-04-12,-3,102,1999,4,12
1999-04-13,-4,103,1999,4,13
1999-04-14,-4,104,1999,4,14
1999-04-15,-4,105,1999,4,15
1999-04-16,-1,106,1999,4,16
1999-04-17,-2,107,1999,4,17
1999-04-18,1,108,1999,4,18
1999-04-19,-1,109,1999,4,19
1999-04-20,-1,110,1999,4,20
1999-04-21,-1,111,1999,4,21
1999-04-22,1,112,1999,4,22
1999-04-23,4,113,1999,4,23
1999-04-24,-7,114,1999,4,24
1999-04-25,NA,115,1999,4,25
1999-04-26,3,116,1999,4,26
1999-04-27,0,117,1999,4,27
1999-04-28,-3,118,1999,4,28
1999-04-29,1,119,1999,4,29
1999-04-30,0,120,1999,4,30
1999-05-01,0,121,1999,5,1
1999-05-02,1,122,1999,5,2
1999-05-03,NA,123,1999,5,3
1999-05-04,3,124,1999,5,4
1999-05-05,8,125,1999,5,5
1999-05-06,10,126,1999,5,6
1999-05-07,11,127,1999,5,7
1999-05-08,10,128,1999,5,8
1999-05-09,NA,129,1999,5,9
1999-05-10,4,130,1999,5,10
1999-05-11,-1,131,1999,5,11
1999-05-12,2,132,1999,5,12
1999-05-13,-1,133,1999,5,13
1999-05-14,-1,134,1999,5,14
1999-05-15,2,135,1999,5,15
1999-05-16,1,136,1999,5,16
1999-05-17,2,137,1999,5,17
1999-05-18,7,138,1999,5,18
1999-05-19,13,139,1999,5,19
1999-05-20,8,140,1999,5,20
1999-05-21,2,141,1999,5,21
1999-05-22,6,142,1999,5,22
1999-05-23,7,143,1999,5,23
1999-05-24,8,144,1999,5,24
1999-05-25,6,145,1999,5,25
1999-05-26,1,146,1999,5,26
1999-05-27,4,147,1999,5,27
1999-05-28,4,148,1999,5,28
1999-05-29,10,149,1999,5,29
1999-05-30,12,150,1999,5,30
1999-05-31,11,151,1999,5,31
1999-06-01,15,152,1999,6,1
1999-06-02,18,153,1999,6,2
1999-06-03,18,154,1999,6,3
1999-06-04,9,155,1999,6,4
1999-06-05,8,156,1999,6,5
1999-06-06,10,157,1999,6,6
1999-06-07,14,158,1999,6,7
1999-06-08,19,159,1999,6,8
1999-06-09,14,160,1999,6,9
1999-06-10,11,161,1999,6,10
1999-06-11,4,162,1999,6,11
1999-06-12,9,163,1999,6,12
1999-06-13,15,164,1999,6,13
1999-06-14,18,165,1999,6,14
1999-06-15,14,166,1999,6,15
1999-06-16,7,167,1999,6,16
1999-06-17,9,168,1999,6,17
1999-06-18,11,169,1999,6,18
1999-06-19,8,170,1999,6,19
1999-06-20,12,171,1999,6,20
1999-06-21,11,172,1999,6,21
1999-06-22,12,173,1999,6,22
1999-06-23,14,174,1999,6,23
1999-06-24,16,175,1999,6,24
1999-06-25,14,176,1999,6,25
1999-06-26,14,177,1999,6,26
1999-06-27,15,178,1999,6,27
1999-06-28,21,179,1999,6,28
1999-06-29,21,180,1999,6,29
1999-06-30,13,181,1999,6,30
1999-07-01,17,182,1999,7,1
1999-07-02,18,183,1999,7,2
1999-07-03,14,184,1999,7,3
1999-07-04,NA,185,1999,7,4
1999-07-05,19,186,1999,7,5
1999-07-06,22,187,1999,7,6
1999-07-07,15,188,1999,7,7
1999-07-08,13,189,1999,7,8
1999-07-09,12,190,1999,7,9
1999-07-10,16,191,1999,7,10
1999-07-11,8,192,1999,7,11
1999-07-12,9,193,1999,7,12
1999-07-13,13,194,1999,7,13
1999-07-14,11,195,1999,7,14
1999-07-15,13,196,1999,7,15
1999-07-16,16,197,1999,7,16
1999-07-17,18,198,1999,7,17
1999-07-18,21,199,1999,7,18
1999-07-19,18,200,1999,7,19
1999-07-20,13,201,1999,7,20
1999-07-21,9,202,1999,7,21
1999-07-22,14,203,1999,7,22
1999-07-23,20,204,1999,7,23
1999-07-24,19,205,1999,7,24
1999-07-25,18,206,1999,7,25
1999-07-26,17,207,1999,7,26
1999-07-27,17,208,1999,7,27
1999-07-28,15,209,1999,7,28
1999-07-29,15,210,1999,7,29
1999-07-30,18,211,1999,7,30
1999-07-31,20,212,1999,7,31
1999-08-01,21,213,1999,8,1
1999-08-02,15,214,1999,8,2
1999-08-03,12,215,1999,8,3
1999-08-04,13,216,1999,8,4
1999-08-05,16,217,1999,8,5
1999-08-06,13,218,1999,8,6
1999-08-07,NA,219,1999,8,7
1999-08-08,NA,220,1999,8,8
1999-08-09,15,221,1999,8,9
1999-08-10,8,222,1999,8,10
1999-08-11,14,223,1999,8,11
1999-08-12,13,224,1999,8,12
1999-08-13,16,225,1999,8,13
1999-08-14,19,226,1999,8,14
1999-08-15,15,227,1999,8,15
1999-08-16,12,228,1999,8,16
1999-08-17,16,229,1999,8,17
1999-08-18,16,230,1999,8,18
1999-08-19,12,231,1999,8,19
1999-08-20,12,232,1999,8,20
1999-08-21,13,233,1999,8,21
1999-08-22,NA,234,1999,8,22
1999-08-23,12,235,1999,8,23
1999-08-24,13,236,1999,8,24
1999-08-25,14,237,1999,8,25
1999-08-26,16,238,1999,8,26
1999-08-27,17,239,1999,8,27
1999-08-28,17,240,1999,8,28
1999-08-29,16,241,1999,8,29
1999-08-30,8,242,1999,8,30
1999-08-31,11,243,1999,8,31
1999-09-01,10,244,1999,9,1
1999-09-02,12,245,1999,9,2
1999-09-03,13,246,1999,9,3
1999-09-04,15,247,1999,9,4
1999-09-05,17,248,1999,9,5
1999-09-06,18,249,1999,9,6
1999-09-07,19,250,1999,9,7
1999-09-08,20,251,1999,9,8
1999-09-09,19,252,1999,9,9
1999-09-10,18,253,1999,9,10
1999-09-11,13,254,1999,9,11
1999-09-12,8,255,1999,9,12
1999-09-13,11,256,1999,9,13
1999-09-14,13,257,1999,9,14
1999-09-15,14,258,1999,9,15
1999-09-16,16,259,1999,9,16
1999-09-17,9,260,1999,9,17
1999-09-18,2,261,1999,9,18
1999-09-19,6,262,1999,9,19
1999-09-20,6,263,1999,9,20
1999-09-21,12,264,1999,9,21
1999-09-22,8,265,1999,9,22
1999-09-23,4,266,1999,9,23
1999-09-24,7,267,1999,9,24
1999-09-25,9,268,1999,9,25
1999-09-26,4,269,1999,9,26
1999-09-27,8,270,1999,9,27
1999-09-28,8,271,1999,9,28
1999-09-29,14,272,1999,9,29
1999-09-30,6,273,1999,9,30
1999-10-01,4,274,1999,10,1
1999-10-02,3,275,1999,10,2
1999-10-03,4,276,1999,10,3
1999-10-04,6,277,1999,10,4
1999-10-05,2,278,1999,10,5
1999-10-06,0,279,1999,10,6
1999-10-07,-3,280,1999,10,7
1999-10-08,-3,281,1999,10,8
1999-10-09,-9,282,1999,10,9
1999-10-10,8,283,1999,10,10
1999-10-11,10,284,1999,10,11
1999-10-12,2,285,1999,10,12
1999-10-13,2,286,1999,10,13
1999-10-14,7,287,1999,10,14
1999-10-15,-3,288,1999,10,15
1999-10-16,0,289,1999,10,16
1999-10-17,9,290,1999,10,17
1999-10-18,6,291,1999,10,18
1999-10-19,-4,292,1999,10,19
1999-10-20,-3,293,1999,10,20
1999-10-21,0,294,1999,10,21
1999-10-22,0,295,1999,10,22
1999-10-23,4,296,1999,10,23
1999-10-24,1,297,1999,10,24
1999-10-25,-3,298,1999,10,25
1999-10-26,-3,299,1999,10,26
1999-10-27,1,300,1999,10,27
1999-10-28,-4,301,1999,10,28
1999-10-29,-1,302,1999,10,29
1999-10-30,NA,303,1999,10,30
1999-10-31,NA,304,1999,10,31
1999-11-01,2,305,1999,11,1
1999-11-02,5,306,1999,11,2
1999-11-03,6,307,1999,11,3
1999-11-04,-1,308,1999,11,4
1999-11-05,-3,309,1999,11,5
1999-11-06,3,310,1999,11,6
1999-11-07,-1,311,1999,11,7
1999-11-08,-6,312,1999,11,8
1999-11-09,-4,313,1999,11,9
1999-11-10,2,314,1999,11,10
1999-11-11,-2,315,1999,11,11
1999-11-12,NA,316,1999,11,12
1999-11-13,-8,317,1999,11,13
1999-11-14,0,318,1999,11,14
1999-11-15,-1,319,1999,11,15
1999-11-16,-5,320,1999,11,16
1999-11-17,-4,321,1999,11,17
1999-11-18,-5,322,1999,11,18
1999-11-19,-3,323,1999,11,19
1999-11-20,-4,324,1999,11,20
1999-11-21,1,325,1999,11,21
1999-11-22,5,326,1999,11,22
1999-11-23,9,327,1999,11,23
1999-11-24,9,328,1999,11,24
1999-11-25,6,329,1999,11,25
1999-11-26,4,330,1999,11,26
1999-11-27,4,331,1999,11,27
1999-11-28,-1,332,1999,11,28
1999-11-29,-4,333,1999,11,29
1999-11-30,-5,334,1999,11,30
1999-12-01,-12,335,1999,12,1
1999-12-02,-17,336,1999,12,2
1999-12-03,-8,337,1999,12,3
1999-12-04,-2,338,1999,12,4
1999-12-05,0,339,1999,12,5
1999-12-06,4,340,1999,12,6
1999-12-07,5,341,1999,12,7
1999-12-08,-4,342,1999,12,8
1999-12-09,-4,343,1999,12,9
1999-12-10,-4,344,1999,12,10
1999-12-11,-9,345,1999,12,11
1999-12-12,-33,346,1999,12,12
1999-12-13,-6,347,1999,12,13
1999-12-14,-3,348,1999,12,14
1999-12-15,-4,349,1999,12,15
1999-12-16,-1,350,1999,12,16
1999-12-17,-2,351,1999,12,17
1999-12-18,-8,352,1999,12,18
1999-12-19,-12,353,1999,12,19
1999-12-20,-11,354,1999,12,20
1999-12-21,-5,355,1999,12,21
1999-12-22,-4,356,1999,12,22
1999-12-23,-9,357,1999,12,23
1999-12-24,-13,358,1999,12,24
1999-12-25,-17,359,1999,12,25
1999-12-26,-18,360,1999,12,26
1999-12-27,-19,361,1999,12,27
1999-12-28,-15,362,1999,12,28
1999-12-29,-14,363,1999,12,29
1999-12-30,-15,364,1999,12,30
1999-12-31,-7,365,1999,12,31
2000-01-01,-4,1,2000,1,1
2000-01-02,-2,2,2000,1,2
2000-01-03,-7,3,2000,1,3
2000-01-04,0,4,2000,1,4
2000-01-05,-4,5,2000,1,5
2000-01-06,-12,6,2000,1,6
2000-01-07,-12,7,2000,1,7
2000-01-08,-11,8,2000,1,8
2000-01-09,-6,9,2000,1,9
2000-01-10,-3,10,2000,1,10
2000-01-11,-1,11,2000,1,11
2000-01-12,-1,12,2000,1,12
2000-01-13,-14,13,2000,1,13
2000-01-14,-19,14,2000,1,14
2000-01-15,-23,15,2000,1,15
2000-01-16,-20,16,2000,1,16
2000-01-17,-24,17,2000,1,17
2000-01-18,-26,18,2000,1,18
2000-01-19,-22,19,2000,1,19
2000-01-20,-18,20,2000,1,20
2000-01-21,-19,21,2000,1,21
2000-01-22,-23,22,2000,1,22
2000-01-23,-23,23,2000,1,23
2000-01-24,-19,24,2000,1,24
2000-01-25,-11,25,2000,1,25
2000-01-26,-9,26,2000,1,26
2000-01-27,-15,27,2000,1,27
2000-01-28,-21,28,2000,1,28
2000-01-29,-22,29,2000,1,29
2000-01-30,-16,30,2000,1,30
2000-01-31,-4,31,2000,1,31
2000-02-01,-10,32,2000,2,1
2000-02-02,-13,33,2000,2,2
2000-02-03,-18,34,2000,2,3
2000-02-04,-14,35,2000,2,4
2000-02-05,-14,36,2000,2,5
2000-02-06,-10,37,2000,2,6
2000-02-07,-11,38,2000,2,7
2000-02-08,-17,39,2000,2,8
2000-02-09,-16,40,2000,2,9
2000-02-10,-9,41,2000,2,10
2000-02-11,-4,42,2000,2,11
2000-02-12,-12,43,2000,2,12
2000-02-13,-15,44,2000,2,13
2000-02-14,-6,45,2000,2,14
2000-02-15,-6,46,2000,2,15
2000-02-16,-9,47,2000,2,16
2000-02-17,-12,48,2000,2,17
2000-02-18,-16,49,2000,2,18
2000-02-19,-13,50,2000,2,19
2000-02-20,-9,51,2000,2,20
2000-02-21,-11,52,2000,2,21
2000-02-22,-12,53,2000,2,22
2000-02-23,-3,54,2000,2,23
2000-02-24,1,55,2000,2,24
2000-02-25,1,56,2000,2,25
2000-02-26,-2,57,2000,2,26
2000-02-27,-1,58,2000,2,27
2000-02-28,3,59,2000,2,28
2000-02-29,-2,60,2000,2,29
2000-03-01,-5,61,2000,3,1
2000-03-02,-2,62,2000,3,2
2000-03-03,-5,63,2000,3,3
2000-03-04,-16,64,2000,3,4
2000-03-05,-5,65,2000,3,5
2000-03-06,-4,66,2000,3,6
2000-03-07,-5,67,2000,3,7
2000-03-08,-2,68,2000,3,8
2000-03-09,2,69,2000,3,9
2000-03-10,-1,70,2000,3,10
2000-03-11,-2,71,2000,3,11
2000-03-12,-1,72,2000,3,12
2000-03-13,-7,73,2000,3,13
2000-03-14,-7,74,2000,3,14
2000-03-15,-3,75,2000,3,15
2000-03-16,-3,76,2000,3,16
2000-03-17,-3,77,2000,3,17
2000-03-18,-13,78,2000,3,18
2000-03-19,-12,79,2000,3,19
2000-03-20,-6,80,2000,3,20
2000-03-21,-2,81,2000,3,21
2000-03-22,-1,82,2000,3,22
2000-03-23,-3,83,2000,3,23
2000-03-24,1,84,2000,3,24
2000-03-25,-1,85,2000,3,25
2000-03-26,4,86,2000,3,26
2000-03-27,-3,87,2000,3,27
2000-03-28,3,88,2000,3,28
2000-03-29,1,89,2000,3,29
2000-03-30,1,90,2000,3,30
2000-03-31,-4,91,2000,3,31
2000-04-01,-4,92,2000,4,1
2000-04-02,3,93,2000,4,2
2000-04-03,8,94,2000,4,3
2000-04-04,6,95,2000,4,4
2000-04-05,-1,96,2000,4,5
2000-04-06,-12,97,2000,4,6
2000-04-07,-3,98,2000,4,7
2000-04-08,6,99,2000,4,8
2000-04-09,3,100,2000,4,9
2000-04-10,-4,101,2000,4,10
2000-04-11,-5,102,2000,4,11
2000-04-12,-3,103,2000,4,12
2000-04-13,-6,104,2000,4,13
2000-04-14,-3,105,2000,4,14
2000-04-15,-3,106,2000,4,15
2000-04-16,4,107,2000,4,16
2000-04-17,3,108,2000,4,17
2000-04-18,0,109,2000,4,18
2000-04-19,0,110,2000,4,19
2000-04-20,2,111,2000,4,20
2000-04-21,5,112,2000,4,21
2000-04-22,-2,113,2000,4,22
2000-04-23,2,114,2000,4,23
2000-04-24,2,115,2000,4,24
2000-04-25,-2,116,2000,4,25
2000-04-26,-2,117,2000,4,26
2000-04-27,-1,118,2000,4,27
2000-04-28,-1,119,2000,4,28
2000-04-29,-1,120,2000,4,29
2000-04-30,4,121,2000,4,30
2000-05-01,-2,122,2000,5,1
2000-05-02,-2,123,2000,5,2
2000-05-03,-1,124,2000,5,3
2000-05-04,4,125,2000,5,4
2000-05-05,6,126,2000,5,5
2000-05-06,11,127,2000,5,6
2000-05-07,11,128,2000,5,7
2000-05-08,17,129,2000,5,8
2000-05-09,16,130,2000,5,9
2000-05-10,5,131,2000,5,10
2000-05-11,4,132,2000,5,11
2000-05-12,6,133,2000,5,12
2000-05-13,8,134,2000,5,13
2000-05-14,NA,135,2000,5,14
2000-05-15,3,136,2000,5,15
2000-05-16,0,137,2000,5,16
2000-05-17,6,138,2000,5,17
2000-05-18,10,139,2000,5,18
2000-05-19,4,140,2000,5,19
2000-05-20,3,141,2000,5,20
2000-05-21,7,142,2000,5,21
2000-05-22,7,143,2000,5,22
2000-05-23,6,144,2000,5,23
2000-05-24,7,145,2000,5,24
2000-05-25,10,146,2000,5,25
2000-05-26,7,147,2000,5,26
2000-05-27,6,148,2000,5,27
2000-05-28,7,149,2000,5,28
2000-05-29,7,150,2000,5,29
2000-05-30,3,151,2000,5,30
2000-05-31,5,152,2000,5,31
2000-06-01,8,153,2000,6,1
2000-06-02,12,154,2000,6,2
2000-06-03,10,155,2000,6,3
2000-06-04,6,156,2000,6,4
2000-06-05,9,157,2000,6,5
2000-06-06,8,158,2000,6,6
2000-06-07,4,159,2000,6,7
2000-06-08,4,160,2000,6,8
2000-06-09,8,161,2000,6,9
2000-06-10,20,162,2000,6,10
2000-06-11,NA,163,2000,6,11
2000-06-12,8,164,2000,6,12
2000-06-13,5,165,2000,6,13
2000-06-14,7,166,2000,6,14
2000-06-15,9,167,2000,6,15
2000-06-16,11,168,2000,6,16
2000-06-17,18,169,2000,6,17
2000-06-18,11,170,2000,6,18
2000-06-19,12,171,2000,6,19
2000-06-20,10,172,2000,6,20
2000-06-21,12,173,2000,6,21
2000-06-22,16,174,2000,6,22
2000-06-23,13,175,2000,6,23
2000-06-24,11,176,2000,6,24
2000-06-25,16,177,2000,6,25
2000-06-26,18,178,2000,6,26
2000-06-27,20,179,2000,6,27
2000-06-28,12,180,2000,6,28
2000-06-29,15,181,2000,6,29
2000-06-30,14,182,2000,6,30
2000-07-01,11,183,2000,7,1
2000-07-02,13,184,2000,7,2
2000-07-03,15,185,2000,7,3
2000-07-04,17,186,2000,7,4
2000-07-05,NA,187,2000,7,5
2000-07-06,9,188,2000,7,6
2000-07-07,10,189,2000,7,7
2000-07-08,8,190,2000,7,8
2000-07-09,12,191,2000,7,9
2000-07-10,16,192,2000,7,10
2000-07-11,11,193,2000,7,11
2000-07-12,11,194,2000,7,12
2000-07-13,11,195,2000,7,13
2000-07-14,14,196,2000,7,14
2000-07-15,16,197,2000,7,15
2000-07-16,16,198,2000,7,16
2000-07-17,13,199,2000,7,17
2000-07-18,14,200,2000,7,18
2000-07-19,11,201,2000,7,19
2000-07-20,9,202,2000,7,20
2000-07-21,11,203,2000,7,21
2000-07-22,13,204,2000,7,22
2000-07-23,9,205,2000,7,23
2000-07-24,12,206,2000,7,24
2000-07-25,13,207,2000,7,25
2000-07-26,15,208,2000,7,26
2000-07-27,13,209,2000,7,27
2000-07-28,13,210,2000,7,28
2000-07-29,14,211,2000,7,29
2000-07-30,17,212,2000,7,30
2000-07-31,16,213,2000,7,31
2000-08-01,14,214,2000,8,1
2000-08-02,16,215,2000,8,2
2000-08-03,17,216,2000,8,3
2000-08-04,17,217,2000,8,4
2000-08-05,12,218,2000,8,5
2000-08-06,12,219,2000,8,6
2000-08-07,15,220,2000,8,7
2000-08-08,17,221,2000,8,8
2000-08-09,17,222,2000,8,9
2000-08-10,17,223,2000,8,10
2000-08-11,14,224,2000,8,11
2000-08-12,14,225,2000,8,12
2000-08-13,12,226,2000,8,13
2000-08-14,14,227,2000,8,14
2000-08-15,13,228,2000,8,15
2000-08-16,15,229,2000,8,16
2000-08-17,10,230,2000,8,17
2000-08-18,8,231,2000,8,18
2000-08-19,13,232,2000,8,19
2000-08-20,8,233,2000,8,20
2000-08-21,7,234,2000,8,21
2000-08-22,9,235,2000,8,22
2000-08-23,11,236,2000,8,23
2000-08-24,13,237,2000,8,24
2000-08-25,11,238,2000,8,25
2000-08-26,12,239,2000,8,26
2000-08-27,12,240,2000,8,27
2000-08-28,14,241,2000,8,28
2000-08-29,13,242,2000,8,29
2000-08-30,11,243,2000,8,30
2000-08-31,13,244,2000,8,31
2000-09-01,19,245,2000,9,1
2000-09-02,19,246,2000,9,2
2000-09-03,14,247,2000,9,3
2000-09-04,16,248,2000,9,4
2000-09-05,3,249,2000,9,5
2000-09-06,2,250,2000,9,6
2000-09-07,4,251,2000,9,7
2000-09-08,9,252,2000,9,8
2000-09-09,11,253,2000,9,9
2000-09-10,12,254,2000,9,10
2000-09-11,12,255,2000,9,11
2000-09-12,16,256,2000,9,12
2000-09-13,17,257,2000,9,13
2000-09-14,9,258,2000,9,14
2000-09-15,12,259,2000,9,15
2000-09-16,6,260,2000,9,16
2000-09-17,4,261,2000,9,17
2000-09-18,6,262,2000,9,18
2000-09-19,9,263,2000,9,19
2000-09-20,14,264,2000,9,20
2000-09-21,14,265,2000,9,21
2000-09-22,6,266,2000,9,22
2000-09-23,7,267,2000,9,23
2000-09-24,9,268,2000,9,24
2000-09-25,3,269,2000,9,25
2000-09-26,5,270,2000,9,26
2000-09-27,1,271,2000,9,27
2000-09-28,2,272,2000,9,28
2000-09-29,-3,273,2000,9,29
2000-09-30,1,274,2000,9,30
2000-10-01,7,275,2000,10,1
2000-10-02,9,276,2000,10,2
2000-10-03,8,277,2000,10,3
2000-10-04,7,278,2000,10,4
2000-10-05,7,279,2000,10,5
2000-10-06,8,280,2000,10,6
2000-10-07,3,281,2000,10,7
2000-10-08,-2,282,2000,10,8
2000-10-09,-3,283,2000,10,9
2000-10-10,-3,284,2000,10,10
2000-10-11,-2,285,2000,10,11
2000-10-12,1,286,2000,10,12
2000-10-13,2,287,2000,10,13
2000-10-14,4,288,2000,10,14
2000-10-15,9,289,2000,10,15
2000-10-16,6,290,2000,10,16
2000-10-17,2,291,2000,10,17
2000-10-18,3,292,2000,10,18
2000-10-19,4,293,2000,10,19
2000-10-20,-1,294,2000,10,20
2000-10-21,0,295,2000,10,21
2000-10-22,2,296,2000,10,22
2000-10-23,-3,297,2000,10,23
2000-10-24,1,298,2000,10,24
2000-10-25,3,299,2000,10,25
2000-10-26,5,300,2000,10,26
2000-10-27,7,301,2000,10,27
2000-10-28,5,302,2000,10,28
2000-10-29,-3,303,2000,10,29
2000-10-30,-4,304,2000,10,30
2000-10-31,-2,305,2000,10,31
2000-11-01,-1,306,2000,11,1
2000-11-02,1,307,2000,11,2
2000-11-03,1,308,2000,11,3
2000-11-04,3,309,2000,11,4
2000-11-05,3,310,2000,11,5
2000-11-06,0,311,2000,11,6
2000-11-07,-1,312,2000,11,7
2000-11-08,3,313,2000,11,8
2000-11-09,0,314,2000,11,9
2000-11-10,3,315,2000,11,10
2000-11-11,4,316,2000,11,11
2000-11-12,2,317,2000,11,12
2000-11-13,0,318,2000,11,13
2000-11-14,2,319,2000,11,14
2000-11-15,-2,320,2000,11,15
2000-11-16,-2,321,2000,11,16
2000-11-17,1,322,2000,11,17
2000-11-18,-6,323,2000,11,18
2000-11-19,-5,324,2000,11,19
2000-11-20,-6,325,2000,11,20
2000-11-21,-7,326,2000,11,21
2000-11-22,-7,327,2000,11,22
2000-11-23,-11,328,2000,11,23
2000-11-24,-14,329,2000,11,24
2000-11-25,-12,330,2000,11,25
2000-11-26,-7,331,2000,11,26
2000-11-27,0,332,2000,11,27
2000-11-28,0,333,2000,11,28
2000-11-29,-2,334,2000,11,29
2000-11-30,-2,335,2000,11,30
2000-12-01,-5,336,2000,12,1
2000-12-02,-9,337,2000,12,2
2000-12-03,-13,338,2000,12,3
2000-12-04,-11,339,2000,12,4
2000-12-05,-10,340,2000,12,5
2000-12-06,-10,341,2000,12,6
2000-12-07,-13,342,2000,12,7
2000-12-08,-13,343,2000,12,8
2000-12-09,-15,344,2000,12,9
2000-12-10,-14,345,2000,12,10
2000-12-11,-4,346,2000,12,11
2000-12-12,-5,347,2000,12,12
2000-12-13,-14,348,2000,12,13
2000-12-14,-14,349,2000,12,14
2000-12-15,-16,350,2000,12,15
2000-12-16,-9,351,2000,12,16
2000-12-17,-3,352,2000,12,17
2000-12-18,-4,353,2000,12,18
2000-12-19,-9,354,2000,12,19
2000-12-20,-7,355,2000,12,20
2000-12-21,-13,356,2000,12,21
2000-12-22,-12,357,2000,12,22
2000-12-23,-17,358,2000,12,23
2000-12-24,-13,359,2000,12,24
2000-12-25,NA,360,2000,12,25
2000-12-26,-24,361,2000,12,26
2000-12-27,-33,362,2000,12,27
2000-12-28,-13,363,2000,12,28
2000-12-29,-13,364,2000,12,29
2000-12-30,-12,365,2000,12,30
2000-12-31,-12,366,2000,12,31
2001-01-01,-13,1,2001,1,1
2001-01-02,-16,2,2001,1,2
2001-01-03,-17,3,2001,1,3
2001-01-04,-13,4,2001,1,4
2001-01-05,-14,5,2001,1,5
2001-01-06,-11,6,2001,1,6
2001-01-07,-12,7,2001,1,7
2001-01-08,-9,8,2001,1,8
2001-01-09,-8,9,2001,1,9
2001-01-10,-16,10,2001,1,10
2001-01-11,-16,11,2001,1,11
2001-01-12,-11,12,2001,1,12
2001-01-13,-16,13,2001,1,13
2001-01-14,-9,14,2001,1,14
2001-01-15,-3,15,2001,1,15
2001-01-16,-7,16,2001,1,16
2001-01-17,-5,17,2001,1,17
2001-01-18,-14,18,2001,1,18
2001-01-19,-13,19,2001,1,19
2001-01-20,-6,20,2001,1,20
2001-01-21,-11,21,2001,1,21
2001-01-22,-16,22,2001,1,22
2001-01-23,-14,23,2001,1,23
2001-01-24,-11,24,2001,1,24
2001-01-25,-8,25,2001,1,25
2001-01-26,-14,26,2001,1,26
2001-01-27,-12,27,2001,1,27
2001-01-28,-9,28,2001,1,28
2001-01-29,-15,29,2001,1,29
2001-01-30,-11,30,2001,1,30
2001-01-31,-3,31,2001,1,31
2001-02-01,-3,32,2001,2,1
2001-02-02,-8,33,2001,2,2
2001-02-03,-12,34,2001,2,3
2001-02-04,-17,35,2001,2,4
2001-02-05,-9,36,2001,2,5
2001-02-06,-12,37,2001,2,6
2001-02-07,-4,38,2001,2,7
2001-02-08,-11,39,2001,2,8
2001-02-09,-9,40,2001,2,9
2001-02-10,-3,41,2001,2,10
2001-02-11,-14,42,2001,2,11
2001-02-12,-18,43,2001,2,12
2001-02-13,-16,44,2001,2,13
2001-02-14,-9,45,2001,2,14
2001-02-15,-3,46,2001,2,15
2001-02-16,-11,47,2001,2,16
2001-02-17,-8,48,2001,2,17
2001-02-18,NA,49,2001,2,18
2001-02-19,-14,50,2001,2,19
2001-02-20,-11,51,2001,2,20
2001-02-21,-3,52,2001,2,21
2001-02-22,-19,53,2001,2,22
2001-02-23,-16,54,2001,2,23
2001-02-24,-11,55,2001,2,24
2001-02-25,-9,56,2001,2,25
2001-02-26,-7,57,2001,2,26
2001-02-27,-9,58,2001,2,27
2001-02-28,-11,59,2001,2,28
2001-03-01,-14,60,2001,3,1
2001-03-02,-13,61,2001,3,2
2001-03-03,-11,62,2001,3,3
2001-03-04,-9,63,2001,3,4
2001-03-05,-8,64,2001,3,5
2001-03-06,-10,65,2001,3,6
2001-03-07,-6,66,2001,3,7
2001-03-08,-13,67,2001,3,8
2001-03-09,-4,68,2001,3,9
2001-03-10,-3,69,2001,3,10
2001-03-11,-9,70,2001,3,11
2001-03-12,-9,71,2001,3,12
2001-03-13,-8,72,2001,3,13
2001-03-14,-4,73,2001,3,14
2001-03-15,-9,74,2001,3,15
2001-03-16,-6,75,2001,3,16
2001-03-17,-4,76,2001,3,17
2001-03-18,-4,77,2001,3,18
2001-03-19,-4,78,2001,3,19
2001-03-20,-6,79,2001,3,20
2001-03-21,-3,80,2001,3,21
2001-03-22,-3,81,2001,3,22
2001-03-23,-2,82,2001,3,23
2001-03-24,-2,83,2001,3,24
2001-03-25,-8,84,2001,3,25
2001-03-26,-11,85,2001,3,26
2001-03-27,-13,86,2001,3,27
2001-03-28,-12,87,2001,3,28
2001-03-29,-8,88,2001,3,29
2001-03-30,-4,89,2001,3,30
2001-03-31,-11,90,2001,3,31
2001-04-01,-3,91,2001,4,1
2001-04-02,-3,92,2001,4,2
2001-04-03,-7,93,2001,4,3
2001-04-04,-4,94,2001,4,4
2001-04-05,-4,95,2001,4,5
2001-04-06,-2,96,2001,4,6
2001-04-07,-1,97,2001,4,7
2001-04-08,-2,98,2001,4,8
2001-04-09,-1,99,2001,4,9
2001-04-10,2,100,2001,4,10
2001-04-11,1,101,2001,4,11
2001-04-12,1,102,2001,4,12
2001-04-13,-1,103,2001,4,13
2001-04-14,1,104,2001,4,14
2001-04-15,-3,105,2001,4,15
2001-04-16,0,106,2001,4,16
2001-04-17,-1,107,2001,4,17
2001-04-18,0,108,2001,4,18
2001-04-19,-5,109,2001,4,19
2001-04-20,-4,110,2001,4,20
2001-04-21,3,111,2001,4,21
2001-04-22,9,112,2001,4,22
2001-04-23,6,113,2001,4,23
2001-04-24,11,114,2001,4,24
2001-04-25,3,115,2001,4,25
2001-04-26,-1,116,2001,4,26
2001-04-27,-2,117,2001,4,27
2001-04-28,2,118,2001,4,28
2001-04-29,-3,119,2001,4,29
2001-04-30,-1,120,2001,4,30
2001-05-01,9,121,2001,5,1
2001-05-02,10,122,2001,5,2
2001-05-03,12,123,2001,5,3
2001-05-04,12,124,2001,5,4
2001-05-05,10,125,2001,5,5
2001-05-06,0,126,2001,5,6
2001-05-07,-3,127,2001,5,7
2001-05-08,-1,128,2001,5,8
2001-05-09,4,129,2001,5,9
2001-05-10,7,130,2001,5,10
2001-05-11,9,131,2001,5,11
2001-05-12,12,132,2001,5,12
2001-05-13,6,133,2001,5,13
2001-05-14,2,134,2001,5,14
2001-05-15,3,135,2001,5,15
2001-05-16,6,136,2001,5,16
2001-05-17,6,137,2001,5,17
2001-05-18,7,138,2001,5,18
2001-05-19,9,139,2001,5,19
2001-05-20,6,140,2001,5,20
2001-05-21,6,141,2001,5,21
2001-05-22,8,142,2001,5,22
2001-05-23,8,143,2001,5,23
2001-05-24,7,144,2001,5,24
2001-05-25,6,145,2001,5,25
2001-05-26,7,146,2001,5,26
2001-05-27,11,147,2001,5,27
2001-05-28,12,148,2001,5,28
2001-05-29,7,149,2001,5,29
2001-05-30,3,150,2001,5,30
2001-05-31,2,151,2001,5,31
2001-06-01,2,152,2001,6,1
2001-06-02,8,153,2001,6,2
2001-06-03,10,154,2001,6,3
2001-06-04,7,155,2001,6,4
2001-06-05,7,156,2001,6,5
2001-06-06,9,157,2001,6,6
2001-06-07,8,158,2001,6,7
2001-06-08,9,159,2001,6,8
2001-06-09,NA,160,2001,6,9
2001-06-10,9,161,2001,6,10
2001-06-11,10,162,2001,6,11
2001-06-12,14,163,2001,6,12
2001-06-13,12,164,2001,6,13
2001-06-14,14,165,2001,6,14
2001-06-15,18,166,2001,6,15
2001-06-16,18,167,2001,6,16
2001-06-17,19,168,2001,6,17
2001-06-18,13,169,2001,6,18
2001-06-19,12,170,2001,6,19
2001-06-20,16,171,2001,6,20
2001-06-21,13,172,2001,6,21
2001-06-22,13,173,2001,6,22
2001-06-23,14,174,2001,6,23
2001-06-24,NA,175,2001,6,24
2001-06-25,18,176,2001,6,25
2001-06-26,13,177,2001,6,26
2001-06-27,15,178,2001,6,27
2001-06-28,14,179,2001,6,28
2001-06-29,11,180,2001,6,29
2001-06-30,16,181,2001,6,30
2001-07-01,17,182,2001,7,1
2001-07-02,7,183,2001,7,2
2001-07-03,6,184,2001,7,3
2001-07-04,10,185,2001,7,4
2001-07-05,NA,186,2001,7,5
2001-07-06,16,187,2001,7,6
2001-07-07,9,188,2001,7,7
2001-07-08,7,189,2001,7,8
2001-07-09,14,190,2001,7,9
2001-07-10,16,191,2001,7,10
2001-07-11,14,192,2001,7,11
2001-07-12,12,193,2001,7,12
2001-07-13,10,194,2001,7,13
2001-07-14,8,195,2001,7,14
2001-07-15,10,196,2001,7,15
2001-07-16,10,197,2001,7,16
2001-07-17,12,198,2001,7,17
2001-07-18,14,199,2001,7,18
2001-07-19,12,200,2001,7,19
2001-07-20,12,201,2001,7,20
2001-07-21,10,202,2001,7,21
2001-07-22,13,203,2001,7,22
2001-07-23,14,204,2001,7,23
2001-07-24,14,205,2001,7,24
2001-07-25,17,206,2001,7,25
2001-07-26,20,207,2001,7,26
2001-07-27,16,208,2001,7,27
2001-07-28,7,209,2001,7,28
2001-07-29,NA,210,2001,7,29
2001-07-30,8,211,2001,7,30
2001-07-31,8,212,2001,7,31
2001-08-01,12,213,2001,8,1
2001-08-02,14,214,2001,8,2
2001-08-03,18,215,2001,8,3
2001-08-04,18,216,2001,8,4
2001-08-05,17,217,2001,8,5
2001-08-06,18,218,2001,8,6
2001-08-07,19,219,2001,8,7
2001-08-08,NA,220,2001,8,8
2001-08-09,19,221,2001,8,9
2001-08-10,22,222,2001,8,10
2001-08-11,15,223,2001,8,11
2001-08-12,16,224,2001,8,12
2001-08-13,16,225,2001,8,13
2001-08-14,14,226,2001,8,14
2001-08-15,12,227,2001,8,15
2001-08-16,13,228,2001,8,16
2001-08-17,15,229,2001,8,17
2001-08-18,14,230,2001,8,18
2001-08-19,14,231,2001,8,19
2001-08-20,17,232,2001,8,20
2001-08-21,18,233,2001,8,21
2001-08-22,14,234,2001,8,22
2001-08-23,12,235,2001,8,23
2001-08-24,14,236,2001,8,24
2001-08-25,11,237,2001,8,25
2001-08-26,13,238,2001,8,26
2001-08-27,14,239,2001,8,27
2001-08-28,16,240,2001,8,28
2001-08-29,12,241,2001,8,29
2001-08-30,10,242,2001,8,30
2001-08-31,11,243,2001,8,31
2001-09-01,17,244,2001,9,1
2001-09-02,6,245,2001,9,2
2001-09-03,8,246,2001,9,3
2001-09-04,11,247,2001,9,4
2001-09-05,11,248,2001,9,5
2001-09-06,5,249,2001,9,6
2001-09-07,10,250,2001,9,7
2001-09-08,12,251,2001,9,8
2001-09-09,17,252,2001,9,9
2001-09-10,17,253,2001,9,10
2001-09-11,11,254,2001,9,11
2001-09-12,7,255,2001,9,12
2001-09-13,8,256,2001,9,13
2001-09-14,8,257,2001,9,14
2001-09-15,4,258,2001,9,15
2001-09-16,3,259,2001,9,16
2001-09-17,6,260,2001,9,17
2001-09-18,7,261,2001,9,18
2001-09-19,8,262,2001,9,19
2001-09-20,12,263,2001,9,20
2001-09-21,12,264,2001,9,21
2001-09-22,NA,265,2001,9,22
2001-09-23,11,266,2001,9,23
2001-09-24,12,267,2001,9,24
2001-09-25,13,268,2001,9,25
2001-09-26,7,269,2001,9,26
2001-09-27,3,270,2001,9,27
2001-09-28,7,271,2001,9,28
2001-09-29,6,272,2001,9,29
2001-09-30,2,273,2001,9,30
2001-10-01,7,274,2001,10,1
2001-10-02,5,275,2001,10,2
2001-10-03,6,276,2001,10,3
2001-10-04,8,277,2001,10,4
2001-10-05,11,278,2001,10,5
2001-10-06,9,279,2001,10,6
2001-10-07,-1,280,2001,10,7
2001-10-08,-4,281,2001,10,8
2001-10-09,-3,282,2001,10,9
2001-10-10,-2,283,2001,10,10
2001-10-11,4,284,2001,10,11
2001-10-12,8,285,2001,10,12
2001-10-13,10,286,2001,10,13
2001-10-14,8,287,2001,10,14
2001-10-15,9,288,2001,10,15
2001-10-16,3,289,2001,10,16
2001-10-17,5,290,2001,10,17
2001-10-18,1,291,2001,10,18
2001-10-19,-2,292,2001,10,19
2001-10-20,2,293,2001,10,20
2001-10-21,3,294,2001,10,21
2001-10-22,9,295,2001,10,22
2001-10-23,4,296,2001,10,23
2001-10-24,6,297,2001,10,24
2001-10-25,14,298,2001,10,25
2001-10-26,3,299,2001,10,26
2001-10-27,-1,300,2001,10,27
2001-10-28,-2,301,2001,10,28
2001-10-29,-5,302,2001,10,29
2001-10-30,-4,303,2001,10,30
2001-10-31,-6,304,2001,10,31
2001-11-01,3,305,2001,11,1
2001-11-02,7,306,2001,11,2
2001-11-03,9,307,2001,11,3
2001-11-04,0,308,2001,11,4
2001-11-05,1,309,2001,11,5
2001-11-06,NA,310,2001,11,6
2001-11-07,-4,311,2001,11,7
2001-11-08,-4,312,2001,11,8
2001-11-09,0,313,2001,11,9
2001-11-10,-4,314,2001,11,10
2001-11-11,-1,315,2001,11,11
2001-11-12,-8,316,2001,11,12
2001-11-13,-8,317,2001,11,13
2001-11-14,-7,318,2001,11,14
2001-11-15,1,319,2001,11,15
2001-11-16,3,320,2001,11,16
2001-11-17,-4,321,2001,11,17
2001-11-18,-4,322,2001,11,18
2001-11-19,2,323,2001,11,19
2001-11-20,2,324,2001,11,20
2001-11-21,-6,325,2001,11,21
2001-11-22,-4,326,2001,11,22
2001-11-23,-2,327,2001,11,23
2001-11-24,0,328,2001,11,24
2001-11-25,4,329,2001,11,25
2001-11-26,7,330,2001,11,26
2001-11-27,1,331,2001,11,27
2001-11-28,4,332,2001,11,28
2001-11-29,-1,333,2001,11,29
2001-11-30,-1,334,2001,11,30
2001-12-01,7,335,2001,12,1
2001-12-02,2,336,2001,12,2
2001-12-03,-4,337,2001,12,3
2001-12-04,-4,338,2001,12,4
2001-12-05,-1,339,2001,12,5
2001-12-06,7,340,2001,12,6
2001-12-07,-1,341,2001,12,7
2001-12-08,-4,342,2001,12,8
2001-12-09,-4,343,2001,12,9
2001-12-10,-10,344,2001,12,10
2001-12-11,-3,345,2001,12,11
2001-12-12,-4,346,2001,12,12
2001-12-13,-3,347,2001,12,13
2001-12-14,1,348,2001,12,14
2001-12-15,-1,349,2001,12,15
2001-12-16,-7,350,2001,12,16
2001-12-17,-6,351,2001,12,17
2001-12-18,-4,352,2001,12,18
2001-12-19,-3,353,2001,12,19
2001-12-20,-3,354,2001,12,20
2001-12-21,-3,355,2001,12,21
2001-12-22,-11,356,2001,12,22
2001-12-23,-11,357,2001,12,23
2001-12-24,-4,358,2001,12,24
2001-12-25,NA,359,2001,12,25
2001-12-26,-8,360,2001,12,26
2001-12-27,-12,361,2001,12,27
2001-12-28,-12,362,2001,12,28
2001-12-29,-12,363,2001,12,29
2001-12-30,-11,364,2001,12,30
2001-12-31,-12,365,2001,12,31
2002-01-01,NA,1,2002,1,1
2002-01-02,-13,2,2002,1,2
2002-01-03,-11,3,2002,1,3
2002-01-04,-11,4,2002,1,4
2002-01-05,-8,5,2002,1,5
2002-01-06,-5,6,2002,1,6
2002-01-07,-3,7,2002,1,7
2002-01-08,-13,8,2002,1,8
2002-01-09,-11,9,2002,1,9
2002-01-10,-6,10,2002,1,10
2002-01-11,-2,11,2002,1,11
2002-01-12,-3,12,2002,1,12
2002-01-13,-2,13,2002,1,13
2002-01-14,-8,14,2002,1,14
2002-01-15,-7,15,2002,1,15
2002-01-16,-3,16,2002,1,16
2002-01-17,-6,17,2002,1,17
2002-01-18,-10,18,2002,1,18
2002-01-19,-13,19,2002,1,19
2002-01-20,-13,20,2002,1,20
2002-01-21,-13,21,2002,1,21
2002-01-22,-8,22,2002,1,22
2002-01-23,-7,23,2002,1,23
2002-01-24,0,24,2002,1,24
2002-01-25,-4,25,2002,1,25
2002-01-26,-9,26,2002,1,26
2002-01-27,-3,27,2002,1,27
2002-01-28,-3,28,2002,1,28
2002-01-29,-1,29,2002,1,29
2002-01-30,2,30,2002,1,30
2002-01-31,-4,31,2002,1,31
2002-02-01,-6,32,2002,2,1
2002-02-02,-11,33,2002,2,2
2002-02-03,-13,34,2002,2,3
2002-02-04,-8,35,2002,2,4
2002-02-05,-13,36,2002,2,5
2002-02-06,-13,37,2002,2,6
2002-02-07,-12,38,2002,2,7
2002-02-08,-5,39,2002,2,8
2002-02-09,-7,40,2002,2,9
2002-02-10,-8,41,2002,2,10
2002-02-11,-2,42,2002,2,11
2002-02-12,-15,43,2002,2,12
2002-02-13,-12,44,2002,2,13
2002-02-14,-15,45,2002,2,14
2002-02-15,-10,46,2002,2,15
2002-02-16,-2,47,2002,2,16
2002-02-17,-2,48,2002,2,17
2002-02-18,-11,49,2002,2,18
2002-02-19,-11,50,2002,2,19
2002-02-20,-6,51,2002,2,20
2002-02-21,3,52,2002,2,21
2002-02-22,-1,53,2002,2,22
2002-02-23,-5,54,2002,2,23
2002-02-24,-8,55,2002,2,24
2002-02-25,-3,56,2002,2,25
2002-02-26,1,57,2002,2,26
2002-02-27,1,58,2002,2,27
2002-02-28,-10,59,2002,2,28
2002-03-01,-10,60,2002,3,1
2002-03-02,-7,61,2002,3,2
2002-03-03,0,62,2002,3,3
2002-03-04,-6,63,2002,3,4
2002-03-05,-12,64,2002,3,5
2002-03-06,-11,65,2002,3,6
2002-03-07,-3,66,2002,3,7
2002-03-08,-2,67,2002,3,8
2002-03-09,1,68,2002,3,9
2002-03-10,-1,69,2002,3,10
2002-03-11,-8,70,2002,3,11
2002-03-12,-7,71,2002,3,12
2002-03-13,-4,72,2002,3,13
2002-03-14,-1,73,2002,3,14
2002-03-15,0,74,2002,3,15
2002-03-16,2,75,2002,3,16
2002-03-17,-9,76,2002,3,17
2002-03-18,-6,77,2002,3,18
2002-03-19,-3,78,2002,3,19
2002-03-20,-2,79,2002,3,20
2002-03-21,-3,80,2002,3,21
2002-03-22,-14,81,2002,3,22
2002-03-23,-12,82,2002,3,23
2002-03-24,-6,83,2002,3,24
2002-03-25,-3,84,2002,3,25
2002-03-26,-3,85,2002,3,26
2002-03-27,-1,86,2002,3,27
2002-03-28,-4,87,2002,3,28
2002-03-29,-4,88,2002,3,29
2002-03-30,1,89,2002,3,30
2002-03-31,2,90,2002,3,31
2002-04-01,4,91,2002,4,1
2002-04-02,-4,92,2002,4,2
2002-04-03,2,93,2002,4,3
2002-04-04,-4,94,2002,4,4
2002-04-05,-7,95,2002,4,5
2002-04-06,-6,96,2002,4,6
2002-04-07,-11,97,2002,4,7
2002-04-08,-6,98,2002,4,8
2002-04-09,3,99,2002,4,9
2002-04-10,6,100,2002,4,10
2002-04-11,1,101,2002,4,11
2002-04-12,-2,102,2002,4,12
2002-04-13,4,103,2002,4,13
2002-04-14,NA,104,2002,4,14
2002-04-15,8,105,2002,4,15
2002-04-16,8,106,2002,4,16
2002-04-17,12,107,2002,4,17
2002-04-18,12,108,2002,4,18
2002-04-19,9,109,2002,4,19
2002-04-20,9,110,2002,4,20
2002-04-21,0,111,2002,4,21
2002-04-22,-1,112,2002,4,22
2002-04-23,-2,113,2002,4,23
2002-04-24,-3,114,2002,4,24
2002-04-25,0,115,2002,4,25
2002-04-26,-4,116,2002,4,26
2002-04-27,-4,117,2002,4,27
2002-04-28,-2,118,2002,4,28
2002-04-29,-1,119,2002,4,29
2002-04-30,-1,120,2002,4,30
2002-05-01,-1,121,2002,5,1
2002-05-02,-4,122,2002,5,2
2002-05-03,-3,123,2002,5,3
2002-05-04,-12,124,2002,5,4
2002-05-05,0,125,2002,5,5
2002-05-06,6,126,2002,5,6
2002-05-07,7,127,2002,5,7
2002-05-08,6,128,2002,5,8
2002-05-09,6,129,2002,5,9
2002-05-10,6,130,2002,5,10
2002-05-11,3,131,2002,5,11
2002-05-12,6,132,2002,5,12
2002-05-13,4,133,2002,5,13
2002-05-14,2,134,2002,5,14
2002-05-15,-2,135,2002,5,15
2002-05-16,-7,136,2002,5,16
2002-05-17,-2,137,2002,5,17
2002-05-18,-1,138,2002,5,18
2002-05-19,-3,139,2002,5,19
2002-05-20,-2,140,2002,5,20
2002-05-21,-2,141,2002,5,21
2002-05-22,0,142,2002,5,22
2002-05-23,3,143,2002,5,23
2002-05-24,6,144,2002,5,24
2002-05-25,3,145,2002,5,25
2002-05-26,7,146,2002,5,26
2002-05-27,9,147,2002,5,27
2002-05-28,14,148,2002,5,28
2002-05-29,13,149,2002,5,29
2002-05-30,14,150,2002,5,30
2002-05-31,16,151,2002,5,31
2002-06-01,11,152,2002,6,1
2002-06-02,12,153,2002,6,2
2002-06-03,4,154,2002,6,3
2002-06-04,4,155,2002,6,4
2002-06-05,11,156,2002,6,5
2002-06-06,13,157,2002,6,6
2002-06-07,9,158,2002,6,7
2002-06-08,4,159,2002,6,8
2002-06-09,9,160,2002,6,9
2002-06-10,10,161,2002,6,10
2002-06-11,12,162,2002,6,11
2002-06-12,11,163,2002,6,12
2002-06-13,8,164,2002,6,13
2002-06-14,9,165,2002,6,14
2002-06-15,8,166,2002,6,15
2002-06-16,6,167,2002,6,16
2002-06-17,6,168,2002,6,17
2002-06-18,7,169,2002,6,18
2002-06-19,11,170,2002,6,19
2002-06-20,12,171,2002,6,20
2002-06-21,12,172,2002,6,21
2002-06-22,14,173,2002,6,22
2002-06-23,16,174,2002,6,23
2002-06-24,18,175,2002,6,24
2002-06-25,10,176,2002,6,25
2002-06-26,15,177,2002,6,26
2002-06-27,18,178,2002,6,27
2002-06-28,17,179,2002,6,28
2002-06-29,13,180,2002,6,29
2002-06-30,14,181,2002,6,30
2002-07-01,17.6,182,2002,7,1
2002-07-02,19.5,183,2002,7,2
2002-07-03,20.4,184,2002,7,3
2002-07-04,21.5,185,2002,7,4
2002-07-05,14.8,186,2002,7,5
2002-07-06,13.3,187,2002,7,6
2002-07-07,13.4,188,2002,7,7
2002-07-08,14.8,189,2002,7,8
2002-07-09,17.5,190,2002,7,9
2002-07-10,10.4,191,2002,7,10
2002-07-11,8.8,192,2002,7,11
2002-07-12,9.4,193,2002,7,12
2002-07-13,13.4,194,2002,7,13
2002-07-14,15.4,195,2002,7,14
2002-07-15,16.2,196,2002,7,15
2002-07-16,12.8,197,2002,7,16
2002-07-17,11.2,198,2002,7,17
2002-07-18,20.2,199,2002,7,18
2002-07-19,18,200,2002,7,19
2002-07-20,16.4,201,2002,7,20
2002-07-21,16.6,202,2002,7,21
2002-07-22,17.1,203,2002,7,22
2002-07-23,17.6,204,2002,7,23
2002-07-24,10,205,2002,7,24
2002-07-25,9.2,206,2002,7,25
2002-07-26,10.1,207,2002,7,26
2002-07-27,13.3,208,2002,7,27
2002-07-28,17,209,2002,7,28
2002-07-29,19.9,210,2002,7,29
2002-07-30,19.2,211,2002,7,30
2002-07-31,18.2,212,2002,7,31
2002-08-01,18.7,213,2002,8,1
2002-08-02,16.6,214,2002,8,2
2002-08-03,16.6,215,2002,8,3
2002-08-04,17.9,216,2002,8,4
2002-08-05,18.9,217,2002,8,5
2002-08-06,12.4,218,2002,8,6
2002-08-07,11.8,219,2002,8,7
2002-08-08,11.5,220,2002,8,8
2002-08-09,12.5,221,2002,8,9
2002-08-10,14.2,222,2002,8,10
2002-08-11,16.7,223,2002,8,11
2002-08-12,17,224,2002,8,12
2002-08-13,18.7,225,2002,8,13
2002-08-14,19.6,226,2002,8,14
2002-08-15,20,227,2002,8,15
2002-08-16,20.3,228,2002,8,16
2002-08-17,19.4,229,2002,8,17
2002-08-18,19.2,230,2002,8,18
2002-08-19,17.4,231,2002,8,19
2002-08-20,15.8,232,2002,8,20
2002-08-21,12.3,233,2002,8,21
2002-08-22,14.8,234,2002,8,22
2002-08-23,12,235,2002,8,23
2002-08-24,10.6,236,2002,8,24
2002-08-25,11.3,237,2002,8,25
2002-08-26,12.1,238,2002,8,26
2002-08-27,13.7,239,2002,8,27
2002-08-28,13,240,2002,8,28
2002-08-29,12,241,2002,8,29
2002-08-30,12.1,242,2002,8,30
2002-08-31,7.8,243,2002,8,31
2002-09-01,7.9,244,2002,9,1
2002-09-02,12.8,245,2002,9,2
2002-09-03,15.2,246,2002,9,3
2002-09-04,14.7,247,2002,9,4
2002-09-05,9.8,248,2002,9,5
2002-09-06,8.2,249,2002,9,6
2002-09-07,10.5,250,2002,9,7
2002-09-08,13.1,251,2002,9,8
2002-09-09,16.1,252,2002,9,9
2002-09-10,17.2,253,2002,9,10
2002-09-11,10.3,254,2002,9,11
2002-09-12,6.5,255,2002,9,12
2002-09-13,8.6,256,2002,9,13
2002-09-14,13,257,2002,9,14
2002-09-15,19.5,258,2002,9,15
2002-09-16,14.1,259,2002,9,16
2002-09-17,10.5,260,2002,9,17
2002-09-18,11.9,261,2002,9,18
2002-09-19,12.4,262,2002,9,19
2002-09-20,15.4,263,2002,9,20
2002-09-21,16.5,264,2002,9,21
2002-09-22,18.7,265,2002,9,22
2002-09-23,10.7,266,2002,9,23
2002-09-24,8.5,267,2002,9,24
2002-09-25,9.4,268,2002,9,25
2002-09-26,10.5,269,2002,9,26
2002-09-27,10.7,270,2002,9,27
2002-09-28,8.8,271,2002,9,28
2002-09-29,4,272,2002,9,29
2002-09-30,7.9,273,2002,9,30
2002-10-01,12.5,274,2002,10,1
2002-10-02,16,275,2002,10,2
2002-10-03,10.3,276,2002,10,3
2002-10-04,9,277,2002,10,4
2002-10-05,9.7,278,2002,10,5
2002-10-06,5.7,279,2002,10,6
2002-10-07,5.8,280,2002,10,7
2002-10-08,3.2,281,2002,10,8
2002-10-09,2.7,282,2002,10,9
2002-10-10,8.2,283,2002,10,10
2002-10-11,8.5,284,2002,10,11
2002-10-12,9.5,285,2002,10,12
2002-10-13,9.7,286,2002,10,13
2002-10-14,-0.5,287,2002,10,14
2002-10-15,-2.7,288,2002,10,15
2002-10-16,4.6,289,2002,10,16
2002-10-17,3.1,290,2002,10,17
2002-10-18,1.4,291,2002,10,18
2002-10-19,3.1,292,2002,10,19
2002-10-20,0.5,293,2002,10,20
2002-10-21,-0.9,294,2002,10,21
2002-10-22,-3,295,2002,10,22
2002-10-23,-2,296,2002,10,23
2002-10-24,-3.1,297,2002,10,24
2002-10-25,-3.6,298,2002,10,25
2002-10-26,0.8,299,2002,10,26
2002-10-27,2.2,300,2002,10,27
2002-10-28,-1.8,301,2002,10,28
2002-10-29,-2.8,302,2002,10,29
2002-10-30,-3.3,303,2002,10,30
2002-10-31,-5.2,304,2002,10,31
2002-11-01,-3,305,2002,11,1
2002-11-02,-7.3,306,2002,11,2
2002-11-03,-5.6,307,2002,11,3
2002-11-04,-3.4,308,2002,11,4
2002-11-05,-1.4,309,2002,11,5
2002-11-06,-0.1,310,2002,11,6
2002-11-07,-5.5,311,2002,11,7
2002-11-08,-4.8,312,2002,11,8
2002-11-09,4.8,313,2002,11,9
2002-11-10,9.3,314,2002,11,10
2002-11-11,9.5,315,2002,11,11
2002-11-12,6.1,316,2002,11,12
2002-11-13,3.7,317,2002,11,13
2002-11-14,-0.5,318,2002,11,14
2002-11-15,4.4,319,2002,11,15
2002-11-16,-3.6,320,2002,11,16
2002-11-17,-2.9,321,2002,11,17
2002-11-18,-1.6,322,2002,11,18
2002-11-19,-3.8,323,2002,11,19
2002-11-20,0.2,324,2002,11,20
2002-11-21,0.1,325,2002,11,21
2002-11-22,2.8,326,2002,11,22
2002-11-23,-2.2,327,2002,11,23
2002-11-24,-1.3,328,2002,11,24
2002-11-25,-1.4,329,2002,11,25
2002-11-26,-1.8,330,2002,11,26
2002-11-27,-9.4,331,2002,11,27
2002-11-28,-13.6,332,2002,11,28
2002-11-29,-7.2,333,2002,11,29
2002-11-30,-0.7,334,2002,11,30
2002-12-01,-9.1,335,2002,12,1
2002-12-02,-8.4,336,2002,12,2
2002-12-03,-14.5,337,2002,12,3
2002-12-04,-15.8,338,2002,12,4
2002-12-05,-10.4,339,2002,12,5
2002-12-06,-9,340,2002,12,6
2002-12-07,-9.5,341,2002,12,7
2002-12-08,-7.1,342,2002,12,8
2002-12-09,-17.4,343,2002,12,9
2002-12-10,-9.3,344,2002,12,10
2002-12-11,-7,345,2002,12,11
2002-12-12,-0.7,346,2002,12,12
2002-12-13,-2.5,347,2002,12,13
2002-12-14,-0.2,348,2002,12,14
2002-12-15,-1.2,349,2002,12,15
2002-12-16,-6.5,350,2002,12,16
2002-12-17,-10.1,351,2002,12,17
2002-12-18,-10.8,352,2002,12,18
2002-12-19,-7.5,353,2002,12,19
2002-12-20,-0.2,354,2002,12,20
2002-12-21,-1.5,355,2002,12,21
2002-12-22,-1.7,356,2002,12,22
2002-12-23,-1.1,357,2002,12,23
2002-12-24,-4.4,358,2002,12,24
2002-12-25,-5.2,359,2002,12,25
2002-12-26,-7.7,360,2002,12,26
2002-12-27,-10.7,361,2002,12,27
2002-12-28,-8.3,362,2002,12,28
2002-12-29,-7.1,363,2002,12,29
2002-12-30,-9.8,364,2002,12,30
2002-12-31,-4.3,365,2002,12,31
2003-01-01,-1.5,1,2003,1,1
2003-01-02,-10.3,2,2003,1,2
2003-01-03,-8.4,3,2003,1,3
2003-01-04,-5.9,4,2003,1,4
2003-01-05,-8.6,5,2003,1,5
2003-01-06,-10.7,6,2003,1,6
2003-01-07,-12,7,2003,1,7
2003-01-08,-10.6,8,2003,1,8
2003-01-09,-2,9,2003,1,9
2003-01-10,-11.4,10,2003,1,10
2003-01-11,-12.1,11,2003,1,11
2003-01-12,-8,12,2003,1,12
2003-01-13,-10.5,13,2003,1,13
2003-01-14,-15.9,14,2003,1,14
2003-01-15,-16.4,15,2003,1,15
2003-01-16,-12.6,16,2003,1,16
2003-01-17,-17.8,17,2003,1,17
2003-01-18,-22.2,18,2003,1,18
2003-01-19,-16.6,19,2003,1,19
2003-01-20,-15.7,20,2003,1,20
2003-01-21,-19.1,21,2003,1,21
2003-01-22,-19.9,22,2003,1,22
2003-01-23,-22.8,23,2003,1,23
2003-01-24,-19.9,24,2003,1,24
2003-01-25,-16.2,25,2003,1,25
2003-01-26,-9.4,26,2003,1,26
2003-01-27,-21.2,27,2003,1,27
2003-01-28,-23.2,28,2003,1,28
2003-01-29,-12.4,29,2003,1,29
2003-01-30,-13.9,30,2003,1,30
2003-01-31,-5.2,31,2003,1,31
2003-02-01,-2.8,32,2003,2,1
2003-02-02,-1,33,2003,2,2
2003-02-03,-4.5,34,2003,2,3
2003-02-04,-0.9,35,2003,2,4
2003-02-05,-11.3,36,2003,2,5
2003-02-06,-14.4,37,2003,2,6
2003-02-07,-9.4,38,2003,2,7
2003-02-08,-16.5,39,2003,2,8
2003-02-09,-12.3,40,2003,2,9
2003-02-10,-10.2,41,2003,2,10
2003-02-11,-15.8,42,2003,2,11
2003-02-12,-15.2,43,2003,2,12
2003-02-13,-18.2,44,2003,2,13
2003-02-14,-20.1,45,2003,2,14
2003-02-15,-20.6,46,2003,2,15
2003-02-16,-21.9,47,2003,2,16
2003-02-17,-15.3,48,2003,2,17
2003-02-18,-9.3,49,2003,2,18
2003-02-19,-7.4,50,2003,2,19
2003-02-20,-2.9,51,2003,2,20
2003-02-21,-5.5,52,2003,2,21
2003-02-22,-0.3,53,2003,2,22
2003-02-23,-7.5,54,2003,2,23
2003-02-24,-10.6,55,2003,2,24
2003-02-25,-16.2,56,2003,2,25
2003-02-26,-19.9,57,2003,2,26
2003-02-27,-16.9,58,2003,2,27
2003-02-28,-11.9,59,2003,2,28
2003-03-01,-6.6,60,2003,3,1
2003-03-02,-1.2,61,2003,3,2
2003-03-03,-19.4,62,2003,3,3
2003-03-04,-20.7,63,2003,3,4
2003-03-05,-2.4,64,2003,3,5
2003-03-06,-15,65,2003,3,6
2003-03-07,-19.6,66,2003,3,7
2003-03-08,-6.1,67,2003,3,8
2003-03-09,-12,68,2003,3,9
2003-03-10,-15.8,69,2003,3,10
2003-03-11,-14.7,70,2003,3,11
2003-03-12,-3.7,71,2003,3,12
2003-03-13,-8.5,72,2003,3,13
2003-03-14,-14,73,2003,3,14
2003-03-15,-5.5,74,2003,3,15
2003-03-16,-1.1,75,2003,3,16
2003-03-17,4.3,76,2003,3,17
2003-03-18,-1.7,77,2003,3,18
2003-03-19,-5.1,78,2003,3,19
2003-03-20,-5.9,79,2003,3,20
2003-03-21,3.3,80,2003,3,21
2003-03-22,2.8,81,2003,3,22
2003-03-23,0,82,2003,3,23
2003-03-24,1.4,83,2003,3,24
2003-03-25,2.2,84,2003,3,25
2003-03-26,2.6,85,2003,3,26
2003-03-27,-0.6,86,2003,3,27
2003-03-28,0.3,87,2003,3,28
2003-03-29,6,88,2003,3,29
2003-03-30,-2.7,89,2003,3,30
2003-03-31,-5.4,90,2003,3,31
2003-04-01,-8,91,2003,4,1
2003-04-02,-2.6,92,2003,4,2
2003-04-03,0,93,2003,4,3
2003-04-04,-5.4,94,2003,4,4
2003-04-05,-5.8,95,2003,4,5
2003-04-06,-6.2,96,2003,4,6
2003-04-07,-7.2,97,2003,4,7
2003-04-08,-5.1,98,2003,4,8
2003-04-09,-3.1,99,2003,4,9
2003-04-10,-1.7,100,2003,4,10
2003-04-11,-1.3,101,2003,4,11
2003-04-12,2.3,102,2003,4,12
2003-04-13,0.4,103,2003,4,13
2003-04-14,-2.7,104,2003,4,14
2003-04-15,6.8,105,2003,4,15
2003-04-16,1.2,106,2003,4,16
2003-04-17,-4.2,107,2003,4,17
2003-04-18,-4.3,108,2003,4,18
2003-04-19,-1.4,109,2003,4,19
2003-04-20,0.3,110,2003,4,20
2003-04-21,4,111,2003,4,21
2003-04-22,6.2,112,2003,4,22
2003-04-23,0.5,113,2003,4,23
2003-04-24,-1.6,114,2003,4,24
2003-04-25,-2.6,115,2003,4,25
2003-04-26,4.9,116,2003,4,26
2003-04-27,3.9,117,2003,4,27
2003-04-28,5.3,118,2003,4,28
2003-04-29,9.5,119,2003,4,29
2003-04-30,4.9,120,2003,4,30
2003-05-01,6.5,121,2003,5,1
2003-05-02,6.6,122,2003,5,2
2003-05-03,4.2,123,2003,5,3
2003-05-04,1.7,124,2003,5,4
2003-05-05,2.9,125,2003,5,5
2003-05-06,4.8,126,2003,5,6
2003-05-07,10,127,2003,5,7
2003-05-08,6.9,128,2003,5,8
2003-05-09,5.9,129,2003,5,9
2003-05-10,3.8,130,2003,5,10
2003-05-11,6.6,131,2003,5,11
2003-05-12,4.6,132,2003,5,12
2003-05-13,6.5,133,2003,5,13
2003-05-14,5.9,134,2003,5,14
2003-05-15,4.9,135,2003,5,15
2003-05-16,3.6,136,2003,5,16
2003-05-17,1.5,137,2003,5,17
2003-05-18,0.9,138,2003,5,18
2003-05-19,5,139,2003,5,19
2003-05-20,10.3,140,2003,5,20
2003-05-21,9.5,141,2003,5,21
2003-05-22,6.9,142,2003,5,22
2003-05-23,6.9,143,2003,5,23
2003-05-24,5.8,144,2003,5,24
2003-05-25,6.8,145,2003,5,25
2003-05-26,7.1,146,2003,5,26
2003-05-27,7.4,147,2003,5,27
2003-05-28,11,148,2003,5,28
2003-05-29,9.7,149,2003,5,29
2003-05-30,11.1,150,2003,5,30
2003-05-31,9.3,151,2003,5,31
2003-06-01,7.9,152,2003,6,1
2003-06-02,4.4,153,2003,6,2
2003-06-03,4.3,154,2003,6,3
2003-06-04,10.4,155,2003,6,4
2003-06-05,10.9,156,2003,6,5
2003-06-06,10,157,2003,6,6
2003-06-07,12.1,158,2003,6,7
2003-06-08,11.5,159,2003,6,8
2003-06-09,12.1,160,2003,6,9
2003-06-10,11.7,161,2003,6,10
2003-06-11,13.7,162,2003,6,11
2003-06-12,16.2,163,2003,6,12
2003-06-13,11.6,164,2003,6,13
2003-06-14,11.2,165,2003,6,14
2003-06-15,12,166,2003,6,15
2003-06-16,9.7,167,2003,6,16
2003-06-17,8.8,168,2003,6,17
2003-06-18,10.6,169,2003,6,18
2003-06-19,14.5,170,2003,6,19
2003-06-20,11.7,171,2003,6,20
2003-06-21,10.8,172,2003,6,21
2003-06-22,11.7,173,2003,6,22
2003-06-23,12.5,174,2003,6,23
2003-06-24,15.7,175,2003,6,24
2003-06-25,18.6,176,2003,6,25
2003-06-26,19.8,177,2003,6,26
2003-06-27,16.5,178,2003,6,27
2003-06-28,13.8,179,2003,6,28
2003-06-29,15.3,180,2003,6,29
2003-06-30,15.5,181,2003,6,30
2003-07-01,12.5,182,2003,7,1
2003-07-02,13.3,183,2003,7,2
2003-07-03,16.7,184,2003,7,3
2003-07-04,17.2,185,2003,7,4
2003-07-05,19.8,186,2003,7,5
2003-07-06,20,187,2003,7,6
2003-07-07,16.8,188,2003,7,7
2003-07-08,19.8,189,2003,7,8
2003-07-09,13.8,190,2003,7,9
2003-07-10,11.9,191,2003,7,10
2003-07-11,14.2,192,2003,7,11
2003-07-12,14.3,193,2003,7,12
2003-07-13,13.7,194,2003,7,13
2003-07-14,13.5,195,2003,7,14
2003-07-15,15,196,2003,7,15
2003-07-16,15.2,197,2003,7,16
2003-07-17,13.1,198,2003,7,17
2003-07-18,15.8,199,2003,7,18
2003-07-19,13.6,200,2003,7,19
2003-07-20,12.2,201,2003,7,20
2003-07-21,16.9,202,2003,7,21
2003-07-22,17.7,203,2003,7,22
2003-07-23,20.1,204,2003,7,23
2003-07-24,18.1,205,2003,7,24
2003-07-25,15,206,2003,7,25
2003-07-26,15.1,207,2003,7,26
2003-07-27,20,208,2003,7,27
2003-07-28,15.5,209,2003,7,28
2003-07-29,12.7,210,2003,7,29
2003-07-30,15.3,211,2003,7,30
2003-07-31,13.6,212,2003,7,31
2003-08-01,14.7,213,2003,8,1
2003-08-02,14.9,214,2003,8,2
2003-08-03,21.3,215,2003,8,3
2003-08-04,21,216,2003,8,4
2003-08-05,20.3,217,2003,8,5
2003-08-06,19.1,218,2003,8,6
2003-08-07,18.6,219,2003,8,7
2003-08-08,18.3,220,2003,8,8
2003-08-09,20.7,221,2003,8,9
2003-08-10,21,222,2003,8,10
2003-08-11,19.8,223,2003,8,11
2003-08-12,19.9,224,2003,8,12
2003-08-13,19.6,225,2003,8,13
2003-08-14,18.1,226,2003,8,14
2003-08-15,18.3,227,2003,8,15
2003-08-16,18.2,228,2003,8,16
2003-08-17,16.1,229,2003,8,17
2003-08-18,14.8,230,2003,8,18
2003-08-19,16.1,231,2003,8,19
2003-08-20,14.7,232,2003,8,20
2003-08-21,16.5,233,2003,8,21
2003-08-22,16.1,234,2003,8,22
2003-08-23,11,235,2003,8,23
2003-08-24,7.1,236,2003,8,24
2003-08-25,11.5,237,2003,8,25
2003-08-26,14,238,2003,8,26
2003-08-27,16.3,239,2003,8,27
2003-08-28,10.7,240,2003,8,28
2003-08-29,10.2,241,2003,8,29
2003-08-30,11.1,242,2003,8,30
2003-08-31,8.5,243,2003,8,31
2003-09-01,10.9,244,2003,9,1
2003-09-02,12.1,245,2003,9,2
2003-09-03,12.3,246,2003,9,3
2003-09-04,13.3,247,2003,9,4
2003-09-05,13,248,2003,9,5
2003-09-06,10.7,249,2003,9,6
2003-09-07,9.6,250,2003,9,7
2003-09-08,10.7,251,2003,9,8
2003-09-09,6.5,252,2003,9,9
2003-09-10,5.3,253,2003,9,10
2003-09-11,12.7,254,2003,9,11
2003-09-12,10.5,255,2003,9,12
2003-09-13,10.3,256,2003,9,13
2003-09-14,17.1,257,2003,9,14
2003-09-15,18.1,258,2003,9,15
2003-09-16,11.5,259,2003,9,16
2003-09-17,9.8,260,2003,9,17
2003-09-18,10.9,261,2003,9,18
2003-09-19,13.7,262,2003,9,19
2003-09-20,13.5,263,2003,9,20
2003-09-21,10.8,264,2003,9,21
2003-09-22,8.5,265,2003,9,22
2003-09-23,9.9,266,2003,9,23
2003-09-24,8.4,267,2003,9,24
2003-09-25,11.7,268,2003,9,25
2003-09-26,10.8,269,2003,9,26
2003-09-27,12.6,270,2003,9,27
2003-09-28,11.2,271,2003,9,28
2003-09-29,6.4,272,2003,9,29
2003-09-30,5.1,273,2003,9,30
2003-10-01,4.5,274,2003,10,1
2003-10-02,1.7,275,2003,10,2
2003-10-03,-0.9,276,2003,10,3
2003-10-04,4.3,277,2003,10,4
2003-10-05,1.1,278,2003,10,5
2003-10-06,0.8,279,2003,10,6
2003-10-07,0.1,280,2003,10,7
2003-10-08,5.4,281,2003,10,8
2003-10-09,10.6,282,2003,10,9
2003-10-10,8.3,283,2003,10,10
2003-10-11,6.8,284,2003,10,11
2003-10-12,10.3,285,2003,10,12
2003-10-13,7.6,286,2003,10,13
2003-10-14,5.3,287,2003,10,14
2003-10-15,6.9,288,2003,10,15
2003-10-16,3.3,289,2003,10,16
2003-10-17,0,290,2003,10,17
2003-10-18,0.5,291,2003,10,18
2003-10-19,-1.1,292,2003,10,19
2003-10-20,-2.7,293,2003,10,20
2003-10-21,6,294,2003,10,21
2003-10-22,-0.9,295,2003,10,22
2003-10-23,-1.8,296,2003,10,23
2003-10-24,-3,297,2003,10,24
2003-10-25,-3,298,2003,10,25
2003-10-26,9.1,299,2003,10,26
2003-10-27,7.4,300,2003,10,27
2003-10-28,3.4,301,2003,10,28
2003-10-29,5.3,302,2003,10,29
2003-10-30,1.9,303,2003,10,30
2003-10-31,3.7,304,2003,10,31
2003-11-01,10.2,305,2003,11,1
2003-11-02,8,306,2003,11,2
2003-11-03,9.8,307,2003,11,3
2003-11-04,1.9,308,2003,11,4
2003-11-05,1.9,309,2003,11,5
2003-11-06,6.4,310,2003,11,6
2003-11-07,4.1,311,2003,11,7
2003-11-08,-6.7,312,2003,11,8
2003-11-09,-8.8,313,2003,11,9
2003-11-10,-7,314,2003,11,10
2003-11-11,-3.9,315,2003,11,11
2003-11-12,3.9,316,2003,11,12
2003-11-13,-0.1,317,2003,11,13
2003-11-14,-4.1,318,2003,11,14
2003-11-15,-5.4,319,2003,11,15
2003-11-16,-6.5,320,2003,11,16
2003-11-17,-0.2,321,2003,11,17
2003-11-18,1,322,2003,11,18
2003-11-19,5.5,323,2003,11,19
2003-11-20,2.5,324,2003,11,20
2003-11-21,1.3,325,2003,11,21
2003-11-22,1.8,326,2003,11,22
2003-11-23,0.3,327,2003,11,23
2003-11-24,-0.4,328,2003,11,24
2003-11-25,-4,329,2003,11,25
2003-11-26,-4.3,330,2003,11,26
2003-11-27,-1.8,331,2003,11,27
2003-11-28,3.5,332,2003,11,28
2003-11-29,-1,333,2003,11,29
2003-11-30,-0.6,334,2003,11,30
2003-12-01,-3.9,335,2003,12,1
2003-12-02,-12.7,336,2003,12,2
2003-12-03,-13.3,337,2003,12,3
2003-12-04,-11.9,338,2003,12,4
2003-12-05,-13.2,339,2003,12,5
2003-12-06,-8.7,340,2003,12,6
2003-12-07,-8.6,341,2003,12,7
2003-12-08,-8.5,342,2003,12,8
2003-12-09,-11.5,343,2003,12,9
2003-12-10,-2,344,2003,12,10
2003-12-11,0.3,345,2003,12,11
2003-12-12,-4.5,346,2003,12,12
2003-12-13,-10.9,347,2003,12,13
2003-12-14,-12.1,348,2003,12,14
2003-12-15,-5.8,349,2003,12,15
2003-12-16,-9.6,350,2003,12,16
2003-12-17,-0.7,351,2003,12,17
2003-12-18,-3.7,352,2003,12,18
2003-12-19,-7.2,353,2003,12,19
2003-12-20,-8.7,354,2003,12,20
2003-12-21,-12,355,2003,12,21
2003-12-22,-3.3,356,2003,12,22
2003-12-23,0.1,357,2003,12,23
2003-12-24,5.2,358,2003,12,24
2003-12-25,-1.6,359,2003,12,25
2003-12-26,-3.2,360,2003,12,26
2003-12-27,-3.4,361,2003,12,27
2003-12-28,-5,362,2003,12,28
2003-12-29,0.1,363,2003,12,29
2003-12-30,1.4,364,2003,12,30
2003-12-31,-2.4,365,2003,12,31
