"deltaAICc","WindowOpen","WindowClose","ModelBeta","Std.Error","ModelBetaQ","ModelBetaC","ModelInt","Function","Furthest","Closest","Statistics","Type","K","ModWeight","sample.size","Reference.day","Reference.month","Randomised"
-129.336686220709,6,4,-3.06718298053334,0.253579771250539,NA,NA,224.829855847045,"lin",19.7142857142857,0,"mean","absolute",0,0.996468576347285,5,"18","06","no"
-117.975337381772,14,14,2.52228977999584,0.219247226902462,NA,NA,150.305431049424,"lin",19.7142857142857,0,"mean","absolute",0,0.00339921045543572,5,"18","06","no"
-110.470526674891,7,4,-2.19908775262791,0.198062815746706,NA,NA,208.64635481754,"lin",19.7142857142857,0,"mean","absolute",0,7.97497104715052e-05,5,"18","06","no"
-109.61718288974,7,3,-2.71303563335364,0.245373751595559,NA,NA,219.938407447012,"lin",19.7142857142857,0,"mean","absolute",0,5.20508548538881e-05,5,"18","06","no"
-99.8629236996421,6,5,-2.2457393727477,0.213499505119252,NA,NA,211.575487189782,"lin",19.7142857142857,0,"mean","absolute",0,3.9656775236876e-07,5,"18","06","no"
-92.7448069858692,7,2,-2.41452172903314,0.238734122665101,NA,NA,215.061826211418,"lin",19.7142857142857,0,"mean","absolute",0,1.12885455749563e-08,5,"18","06","no"
-89.5304299503559,7,0,-2.28126709797269,0.229798680158338,NA,NA,214.708389649877,"lin",19.7142857142857,0,"mean","absolute",0,2.26279330989451e-09,5,"18","06","no"
-89.053890217453,7,1,-2.06722371040033,0.208823917047431,NA,NA,209.051487741778,"lin",19.7142857142857,0,"mean","absolute",0,1.78305852363729e-09,5,"18","06","no"
-87.0438838317232,12,5,-4.9014778685355,0.50111508994899,NA,NA,240.390102617167,"lin",19.7142857142857,0,"mean","absolute",0,6.52676922206415e-10,5,"18","06","no"
-81.2787043643248,7,5,-1.508812922998,0.159897650718329,NA,NA,196.754140305137,"lin",19.7142857142857,0,"mean","absolute",0,3.65431046776627e-11,5,"18","06","no"
-81.1308028158628,6,6,-1.28937289762289,0.136772382949651,NA,NA,194.67897124091,"lin",19.7142857142857,0,"mean","absolute",0,3.39382175129622e-11,5,"18","06","no"
-77.3052113382182,13,5,-5.53214512204595,0.601792138123232,NA,NA,244.89740837089,"lin",19.7142857142857,0,"mean","absolute",0,5.01155377043758e-12,5,"18","06","no"
-73.2047790021861,13,6,-5.79203359510569,0.648133562883349,NA,NA,245.451406673421,"lin",19.7142857142857,0,"mean","absolute",0,6.45022443168943e-13,5,"18","06","no"
-71.9130417220995,6,1,-1.94163777201463,0.219280796285263,NA,NA,207.057998599108,"lin",19.7142857142857,0,"mean","absolute",0,3.38125277991991e-13,5,"18","06","no"
-71.2598571483531,7,6,-1.04985259148201,0.119126366276531,NA,NA,188.502919576177,"lin",19.7142857142857,0,"mean","absolute",0,2.43916068579054e-13,5,"18","06","no"
-70.341859015859,6,0,-2.1059956809026,0.240571066896955,NA,NA,211.772733233971,"lin",19.7142857142857,0,"mean","absolute",0,1.54134426134457e-13,5,"18","06","no"
-69.4637482211756,8,3,-1.92397962866882,0.221207123100639,NA,NA,202.815906144297,"lin",19.7142857142857,0,"mean","absolute",0,9.93619974651621e-14,5,"18","06","no"
-67.5610630501642,8,0,-1.84673936444934,0.215383397254411,NA,NA,204.249168811743,"lin",19.7142857142857,0,"mean","absolute",0,3.83758031926602e-14,5,"18","06","no"
-66.9945665992745,8,2,-1.89950230676726,0.222497797569875,NA,NA,203.221252198507,"lin",19.7142857142857,0,"mean","absolute",0,2.89097500543892e-14,5,"18","06","no"
-66.8128530456406,1,0,-1.62724771693701,0.190873420548136,NA,NA,206.130378387341,"lin",19.7142857142857,0,"mean","absolute",0,2.63988944802787e-14,5,"18","06","no"
-66.731269840102,13,4,-4.25016402077623,0.498850019071273,NA,NA,228.318837261704,"lin",19.7142857142857,0,"mean","absolute",0,2.53437089290524e-14,5,"18","06","no"
-65.5107825516325,17,17,1.03680138302037,0.12284956078682,NA,NA,165.248530232556,"lin",19.7142857142857,0,"mean","absolute",0,1.37671715715296e-14,5,"18","06","no"
-64.9735514797858,8,1,-1.64353785408158,0.195564866396119,NA,NA,199.201771182309,"lin",19.7142857142857,0,"mean","absolute",0,1.05241366805269e-14,5,"18","06","no"
-63.6397896460912,12,4,-3.3507768769592,0.402965950897991,NA,NA,218.259532544737,"lin",19.7142857142857,0,"mean","absolute",0,5.40211440683816e-15,5,"18","06","no"
-62.3287001730623,11,5,-2.69563572660488,0.327645802678693,NA,NA,209.771198972067,"lin",19.7142857142857,0,"mean","absolute",0,2.80455728887234e-15,5,"18","06","no"
-60.3281195915497,2,0,-1.61474222019168,0.199559288034353,NA,NA,204.649723218166,"lin",19.7142857142857,0,"mean","absolute",0,1.03143950734572e-15,5,"18","06","no"
-60.0680125014496,8,4,-1.41106542356839,0.174771822152982,NA,NA,192.501037592279,"lin",19.7142857142857,0,"mean","absolute",0,9.05653824093602e-16,5,"18","06","no"
-57.3556370462948,6,3,-1.93988362621414,0.245978459350002,NA,NA,205.557343229139,"lin",19.7142857142857,0,"mean","absolute",0,2.33333652174766e-16,5,"18","06","no"
-53.9263949070137,2,1,-1.08581063066835,0.142043677155668,NA,NA,191.511949936407,"lin",19.7142857142857,0,"mean","absolute",0,4.20075071172112e-17,5,"18","06","no"
-53.8719989655483,1,1,-0.78136990344923,0.102269395902316,NA,NA,185.257411278565,"lin",19.7142857142857,0,"mean","absolute",0,4.08803853599556e-17,5,"18","06","no"
-53.1802131484837,11,4,-2.21576176197347,0.291906119130542,NA,NA,202.707245586781,"lin",19.7142857142857,0,"mean","absolute",0,2.89264807333052e-17,5,"18","06","no"
-53.0323886151855,12,6,-3.29147291443364,0.434229957276304,NA,NA,215.057232968997,"lin",19.7142857142857,0,"mean","absolute",0,2.68655607617435e-17,5,"18","06","no"
-52.7059435035908,18,18,-0.575239742058037,0.0761254024925952,NA,NA,168.153968805873,"lin",19.7142857142857,0,"mean","absolute",0,2.2819664481187e-17,5,"18","06","no"
-52.2355482441917,12,1,-2.33488760869326,0.310389745192016,NA,NA,206.939691993679,"lin",19.7142857142857,0,"mean","absolute",0,1.80369965386649e-17,5,"18","06","no"
-51.6654934853113,6,2,-1.75075601189353,0.234026456938072,NA,NA,202.552715790158,"lin",19.7142857142857,0,"mean","absolute",0,1.35637071303934e-17,5,"18","06","no"
-51.4563615247534,14,5,-6.5790522457694,0.881228413749743,NA,NA,254.932624802986,"lin",19.7142857142857,0,"mean","absolute",0,1.22170394322034e-17,5,"18","06","no"
-51.0529827395731,11,11,-0.587914225219903,0.0790600570813114,NA,NA,173.227282930897,"lin",19.7142857142857,0,"mean","absolute",0,9.98558206866597e-18,5,"18","06","no"
-50.8656990928512,12,0,-2.36518323598517,0.318647005666356,NA,NA,208.923824910984,"lin",19.7142857142857,0,"mean","absolute",0,9.09295953053033e-18,5,"18","06","no"
-50.7725909654419,11,1,-1.91717763296636,0.258527696718133,NA,NA,201.188499169319,"lin",19.7142857142857,0,"mean","absolute",0,8.67934766816763e-18,5,"18","06","no"
-50.4933311310369,14,4,-5.04100952107614,0.681655656976605,NA,NA,236.260528302189,"lin",19.7142857142857,0,"mean","absolute",0,7.54825533581663e-18,5,"18","06","no"
-49.9609549576835,13,1,-2.56465412944795,0.348647365613728,NA,NA,208.851449459978,"lin",19.7142857142857,0,"mean","absolute",0,5.78419020230663e-18,5,"18","06","no"
-49.9360788685199,13,0,-2.63905942193557,0.358851897433818,NA,NA,211.708504400075,"lin",19.7142857142857,0,"mean","absolute",0,5.71269175887536e-18,5,"18","06","no"
-49.6234011118495,11,0,-1.96889054661897,0.268568835627347,NA,NA,203.313404242258,"lin",19.7142857142857,0,"mean","absolute",0,4.88588993324019e-18,5,"18","06","no"
-47.4276706400578,14,6,-7.83369760462439,1.09304206944101,NA,NA,267.229140174067,"lin",19.7142857142857,0,"mean","absolute",0,1.62984710485912e-18,5,"18","06","no"
-45.4911028262368,9,0,-1.82894962312924,0.260556024931971,NA,NA,203.329195754215,"lin",19.7142857142857,0,"mean","absolute",0,6.18908586087403e-19,5,"18","06","no"
-45.1491640977629,15,1,-3.56698223869859,0.510071742023384,NA,NA,219.923143808476,"lin",19.7142857142857,0,"mean","absolute",0,5.21645489124087e-19,5,"18","06","no"
-44.6119936133546,5,4,-1.62593903433051,0.233894391060115,NA,NA,196.422965989203,"lin",19.7142857142857,0,"mean","absolute",0,3.98777244029352e-19,5,"18","06","no"
-44.4234717145091,8,5,-1.0096358542271,0.145544032978002,NA,NA,185.687132498618,"lin",19.7142857142857,0,"mean","absolute",0,3.6290533891808e-19,5,"18","06","no"
-44.3465977527821,9,1,-1.6864464839346,0.243318970097064,NA,NA,199.550741538158,"lin",19.7142857142857,0,"mean","absolute",0,3.49221029840644e-19,5,"18","06","no"
-43.7624583189545,15,0,-3.48466553684206,0.506085921603091,NA,NA,220.957520182836,"lin",19.7142857142857,0,"mean","absolute",0,2.60769096534832e-19,5,"18","06","no"
-42.6658987900091,9,9,0.611319842091183,0.0899075552230545,NA,NA,157.99896193606,"lin",19.7142857142857,0,"mean","absolute",0,1.50709714140382e-19,5,"18","06","no"
-41.4643007396899,14,0,-2.84823406398549,0.424855965958321,NA,NA,213.364621252365,"lin",19.7142857142857,0,"mean","absolute",0,8.26451828231749e-20,5,"18","06","no"
-41.0166826111745,7,7,-0.583311572889234,0.0874772619834371,NA,NA,178.736488258845,"lin",19.7142857142857,0,"mean","absolute",0,6.60721597458519e-20,5,"18","06","no"
-40.8987266615104,14,1,-2.77088439905625,0.416131412704609,NA,NA,210.377280712315,"lin",19.7142857142857,0,"mean","absolute",0,6.22880441347701e-20,5,"18","06","no"
-40.1451002989961,11,2,-1.83690057368971,0.278408249961954,NA,NA,198.933734337723,"lin",19.7142857142857,0,"mean","absolute",0,4.2732353142417e-20,5,"18","06","no"
-39.8630999331417,15,4,-5.32242477361697,0.809495783046931,NA,NA,235.971265507408,"lin",19.7142857142857,0,"mean","absolute",0,3.71125851789775e-20,5,"18","06","no"
-39.2619267325081,11,3,-1.8741904945421,0.287189054889693,NA,NA,198.648209000018,"lin",19.7142857142857,0,"mean","absolute",0,2.74775562455526e-20,5,"18","06","no"
-38.5881702950492,5,0,-1.41600922194148,0.218834800611952,NA,NA,197.480015669756,"lin",19.7142857142857,0,"mean","absolute",0,1.961885936677e-20,5,"18","06","no"
-37.3254745980394,13,3,-2.72007788406816,0.427288494032464,NA,NA,208.509118359226,"lin",19.7142857142857,0,"mean","absolute",0,1.04347696724871e-20,5,"18","06","no"
-37.2919095078014,5,1,-1.22951099028034,0.193225178690739,NA,NA,192.619980006087,"lin",19.7142857142857,0,"mean","absolute",0,1.0261108989771e-20,5,"18","06","no"
-37.1823509515052,9,2,-1.787680738945,0.281350213841379,NA,NA,200.696106606886,"lin",19.7142857142857,0,"mean","absolute",0,9.71413114475639e-21,5,"18","06","no"
-37.097658904574,12,2,-2.10053927332845,0.33095821223814,NA,NA,202.016012792048,"lin",19.7142857142857,0,"mean","absolute",0,9.31136429118387e-21,5,"18","06","no"
-37.0613724237919,8,6,-0.737886343106428,0.116316136318482,NA,NA,180.783151492786,"lin",19.7142857142857,0,"mean","absolute",0,9.14394928821015e-21,5,"18","06","no"
-36.8998308297923,12,3,-2.24015931715477,0.353881842316172,NA,NA,203.147612976992,"lin",19.7142857142857,0,"mean","absolute",0,8.43442532253563e-21,5,"18","06","no"
-36.7307924889183,9,4,-1.62480731223542,0.257251092838822,NA,NA,195.972647863217,"lin",19.7142857142857,0,"mean","absolute",0,7.75084921221181e-21,5,"18","06","no"
-35.9538280182096,13,2,-2.39848572548347,0.38373570675506,NA,NA,204.99002177867,"lin",19.7142857142857,0,"mean","absolute",0,5.25573666309986e-21,5,"18","06","no"
-35.9315425295799,11,6,-1.63175519399921,0.261144938386302,NA,NA,192.594529668956,"lin",19.7142857142857,0,"mean","absolute",0,5.1974984028726e-21,5,"18","06","no"
-35.8822921876381,15,13,1.45267481183516,0.232640846124661,NA,NA,159.213287342762,"lin",19.7142857142857,0,"mean","absolute",0,5.0710721389291e-21,5,"18","06","no"
-35.4725741332859,9,3,-1.82073230448421,0.293223266815024,NA,NA,200.536835840272,"lin",19.7142857142857,0,"mean","absolute",0,4.1317177281694e-21,5,"18","06","no"
-35.2285485813663,14,13,1.25967819327576,0.203551522961751,NA,NA,159.25458669083,"lin",19.7142857142857,0,"mean","absolute",0,3.65713648247547e-21,5,"18","06","no"
-35.1208673752608,15,5,-6.68543767513387,1.08191430964983,NA,NA,250.921498916822,"lin",19.7142857142857,0,"mean","absolute",0,3.4654408580283e-21,5,"18","06","no"
-34.2354905468856,3,0,-1.26568778397899,0.207391057922786,NA,NA,196.466195871388,"lin",19.7142857142857,0,"mean","absolute",0,2.22587799464046e-21,5,"18","06","no"
-33.540764143735,19,18,-0.640330312963715,0.105973037266588,NA,NA,168.69174480273,"lin",19.7142857142857,0,"mean","absolute",0,1.57269111902808e-21,5,"18","06","no"
-33.441846761968,10,9,0.655882005793906,0.108702596549929,NA,NA,158.32325105992,"lin",19.7142857142857,0,"mean","absolute",0,1.49680008034622e-21,5,"18","06","no"
-32.7287240325022,3,1,-1.01736886234108,0.170385934004774,NA,NA,190.099479721823,"lin",19.7142857142857,0,"mean","absolute",0,1.04787906675588e-21,5,"18","06","no"
-31.4837841389062,4,0,-1.13823226546242,0.19423850160334,NA,NA,192.316434078725,"lin",19.7142857142857,0,"mean","absolute",0,5.62310122508592e-22,5,"18","06","no"
-31.4267556201221,4,1,-0.98948067677363,0.169002082529412,NA,NA,188.287134795985,"lin",19.7142857142857,0,"mean","absolute",0,5.46502705235795e-22,5,"18","06","no"
-31.0898640792457,16,1,-2.69351637594333,0.462449135389152,NA,NA,205.496777678322,"lin",19.7142857142857,0,"mean","absolute",0,4.61782262767495e-22,5,"18","06","no"
-30.6981740704514,17,13,1.16314702591499,0.200925202508952,NA,NA,162.186802291387,"lin",19.7142857142857,0,"mean","absolute",0,3.79649509196766e-22,5,"18","06","no"
-30.4818139954241,16,0,-2.64965205454775,0.459270706542237,NA,NA,206.583883310397,"lin",19.7142857142857,0,"mean","absolute",0,3.40722528067153e-22,5,"18","06","no"
-29.4500041737529,10,0,-1.56709515312018,0.276164838962365,NA,NA,197.420282349619,"lin",19.7142857142857,0,"mean","absolute",0,2.0339777296861e-22,5,"18","06","no"
-28.654566380158,10,1,-1.46892382961356,0.262286630544025,NA,NA,194.692585879623,"lin",19.7142857142857,0,"mean","absolute",0,1.36652968802621e-22,5,"18","06","no"
-26.9452347572187,9,5,-1.32603309261112,0.243833133248517,NA,NA,190.948076579651,"lin",19.7142857142857,0,"mean","absolute",0,5.81356356598973e-23,5,"18","06","no"
-26.5906320953691,2,2,-0.928413402397466,0.171798359616767,NA,NA,187.734136239844,"lin",19.7142857142857,0,"mean","absolute",0,4.86901862466402e-23,5,"18","06","no"
-25.0142212147894,14,2,-2.43758189822486,0.464333568082255,NA,NA,204.025665329603,"lin",19.7142857142857,0,"mean","absolute",0,2.21374790123376e-23,5,"18","06","no"
-23.9616132603114,14,3,-2.75174045517086,0.534925636355515,NA,NA,207.185157310339,"lin",19.7142857142857,0,"mean","absolute",0,1.30784793001043e-23,5,"18","06","no"
-23.9498831459978,14,8,2.3137353625722,0.449883243091089,NA,NA,143.278332075154,"lin",19.7142857142857,0,"mean","absolute",0,1.30019977749829e-23,5,"18","06","no"
-22.9930728786494,17,12,0.917361122879992,0.181824201336669,NA,NA,162.712103694595,"lin",19.7142857142857,0,"mean","absolute",0,8.05826189094858e-24,5,"18","06","no"
-22.0329811956426,18,1,-1.92310628805973,0.388855290689141,NA,NA,192.128067337451,"lin",19.7142857142857,0,"mean","absolute",0,4.98609004984029e-24,5,"18","06","no"
-21.8473474873026,18,0,-1.91372009883168,0.388489437327448,NA,NA,193.246518665068,"lin",19.7142857142857,0,"mean","absolute",0,4.54412500664595e-24,5,"18","06","no"
-21.4527616367041,14,12,0.855781543640656,0.17520855720902,NA,NA,161.295501880214,"lin",19.7142857142857,0,"mean","absolute",0,3.73049997417424e-24,5,"18","06","no"
-20.6402137628875,10,10,0.643468547359258,0.134127325077008,NA,NA,159.545785544024,"lin",19.7142857142857,0,"mean","absolute",0,2.48498923885426e-24,5,"18","06","no"
-20.5240426586115,15,2,-2.52934146551128,0.528609038093969,NA,NA,203.489613167859,"lin",19.7142857142857,0,"mean","absolute",0,2.34475935686871e-24,5,"18","06","no"
-20.1545497658199,15,8,1.82543115613508,0.384722963097168,NA,NA,149.974887515349,"lin",19.7142857142857,0,"mean","absolute",0,1.94923371867843e-24,5,"18","06","no"
-19.9319302157865,19,1,-1.72374000645983,0.365162226119324,NA,NA,188.66189455896,"lin",19.7142857142857,0,"mean","absolute",0,1.74390448384207e-24,5,"18","06","no"
-19.7978906543012,19,0,-1.71940872582347,0.365382297600763,NA,NA,189.713490943397,"lin",19.7142857142857,0,"mean","absolute",0,1.63085884496068e-24,5,"18","06","no"
-19.7682446303415,15,14,0.694244139577295,0.147632248789764,NA,NA,164.132120480008,"lin",19.7142857142857,0,"mean","absolute",0,1.60686289029384e-24,5,"18","06","no"
-19.3901965794748,15,12,0.848011513411615,0.181945001238332,NA,NA,162.124322456501,"lin",19.7142857142857,0,"mean","absolute",0,1.33010746190167e-24,5,"18","06","no"
-18.5040025889775,17,14,0.657929400253901,0.144230690777195,NA,NA,165.052192273438,"lin",19.7142857142857,0,"mean","absolute",0,8.53988750619779e-25,5,"18","06","no"
-18.4156165682462,4,4,-0.628748702148471,0.138136572428644,NA,NA,178.611817221521,"lin",19.7142857142857,0,"mean","absolute",0,8.1707019630554e-25,5,"18","06","no"
-18.3654144003567,10,2,-1.33349284471234,0.293336068575359,NA,NA,191.663615915885,"lin",19.7142857142857,0,"mean","absolute",0,7.96816111892866e-25,5,"18","06","no"
-17.9179880518395,17,8,1.25358493267718,0.27888732027023,NA,NA,157.250728173264,"lin",19.7142857142857,0,"mean","absolute",0,6.37089885120095e-25,5,"18","06","no"
-17.5272928692766,10,8,0.698502743375447,0.156968065057936,NA,NA,158.175643758075,"lin",19.7142857142857,0,"mean","absolute",0,5.24037455262441e-25,5,"18","06","no"
-16.9858992357249,10,4,-1.25893396309749,0.28697454078114,NA,NA,188.981343840619,"lin",19.7142857142857,0,"mean","absolute",0,3.99760790511461e-25,5,"18","06","no"
-16.7812573298452,14,9,1.11841676731244,0.256349185736918,NA,NA,156.467639665439,"lin",19.7142857142857,0,"mean","absolute",0,3.6087996335593e-25,5,"18","06","no"
-16.1862257884331,8,7,-0.383156595886888,0.0892680180005015,NA,NA,174.017248697416,"lin",19.7142857142857,0,"mean","absolute",0,2.68011427855403e-25,5,"18","06","no"
-15.9279292168721,15,3,-2.48844653383966,0.583979348592224,NA,NA,201.542630048781,"lin",19.7142857142857,0,"mean","absolute",0,2.35540137710702e-25,5,"18","06","no"
-15.7498570211337,16,13,0.930426864205037,0.219456721394008,NA,NA,162.8195758573,"lin",19.7142857142857,0,"mean","absolute",0,2.15475074052322e-25,5,"18","06","no"
-15.6753078287002,5,2,-0.806844899454186,0.190714237182212,NA,NA,183.769614575861,"lin",19.7142857142857,0,"mean","absolute",0,2.07591175048264e-25,5,"18","06","no"
-14.8175385265131,16,4,-2.35129901647917,0.569962206207763,NA,NA,196.530305696763,"lin",19.7142857142857,0,"mean","absolute",0,1.35190648037104e-25,5,"18","06","no"
-14.4878357751513,9,6,-0.781046840732767,0.191235810223464,NA,NA,181.377500219094,"lin",19.7142857142857,0,"mean","absolute",0,1.14644336992614e-25,5,"18","06","no"
-14.4425101696288,10,3,-1.23510719389081,0.302832192970737,NA,NA,189.384033131282,"lin",19.7142857142857,0,"mean","absolute",0,1.12075394662673e-25,5,"18","06","no"
-13.9194085032459,17,16,0.515489848752773,0.128476636656286,NA,NA,166.264404071442,"lin",19.7142857142857,0,"mean","absolute",0,8.62819979865459e-26,5,"18","06","no"
-13.4193345180283,17,0,-1.94059863210228,0.491532357498512,NA,NA,195.002314248661,"lin",19.7142857142857,0,"mean","absolute",0,6.7194001869487e-26,5,"18","06","no"
-13.246428490409,17,9,0.758576720001018,0.19323810407631,NA,NA,161.870686582559,"lin",19.7142857142857,0,"mean","absolute",0,6.1628903418971e-26,5,"18","06","no"
-13.1704545935363,0,0,-1.28955616103745,0.329329480734249,NA,NA,200.024415288148,"lin",19.7142857142857,0,"mean","absolute",0,5.93317172210074e-26,5,"18","06","no"
-13.0333731389001,12,7,-1.7269331178469,0.443056540969688,NA,NA,190.88952423822,"lin",19.7142857142857,0,"mean","absolute",0,5.54013131248361e-26,5,"18","06","no"
-13.0002296024841,17,1,-1.94355570671868,0.499189284666749,NA,NA,193.796972578197,"lin",19.7142857142857,0,"mean","absolute",0,5.44907808082631e-26,5,"18","06","no"
-12.8203324555443,11,7,-0.977169751568806,0.252515074072676,NA,NA,181.65895681437,"lin",19.7142857142857,0,"mean","absolute",0,4.98033850398752e-26,5,"18","06","no"
-12.3853633184135,15,9,0.845714962660592,0.221860372230052,NA,NA,160.030108848797,"lin",19.7142857142857,0,"mean","absolute",0,4.00688163975799e-26,5,"18","06","no"
-11.6572879041178,16,2,-1.64839284498463,0.443925711272009,NA,NA,190.082626197027,"lin",19.7142857142857,0,"mean","absolute",0,2.78424178204889e-26,5,"18","06","no"
-11.4951783616698,9,8,0.55634773806309,0.150735080412467,NA,NA,159.933129299736,"lin",19.7142857142857,0,"mean","absolute",0,2.56746957955943e-26,5,"18","06","no"
-11.4213038229327,5,3,-0.707626585442511,0.192254143036278,NA,NA,181.432463916762,"lin",19.7142857142857,0,"mean","absolute",0,2.47436437562747e-26,5,"18","06","no"
-11.2849244767949,16,12,0.66707238221914,0.182172865812408,NA,NA,163.756867378583,"lin",19.7142857142857,0,"mean","absolute",0,2.31126240756496e-26,5,"18","06","no"
-11.0510376428047,10,5,-1.07646287721591,0.29662193840998,NA,NA,185.921425209156,"lin",19.7142857142857,0,"mean","absolute",0,2.05618115690191e-26,5,"18","06","no"
-10.8752263113211,11,10,-0.492145157403795,0.13654310531811,NA,NA,173.484958694215,"lin",19.7142857142857,0,"mean","absolute",0,1.88314789592756e-26,5,"18","06","no"
-10.1165212272936,5,5,-0.517042487474694,0.147913349104998,NA,NA,177.429143140774,"lin",19.7142857142857,0,"mean","absolute",0,1.28864624812595e-26,5,"18","06","no"
-9.71732726035953,15,6,-3.22653705670805,0.938755451662156,NA,NA,206.210182410796,"lin",19.7142857142857,0,"mean","absolute",0,1.05547960320438e-26,5,"18","06","no"
-9.68310495553214,17,7,1.49570011473276,0.43581340604792,NA,NA,153.847710821976,"lin",19.7142857142857,0,"mean","absolute",0,1.0375727710237e-26,5,"18","06","no"
-9.49107498474586,12,11,-0.361652805954733,0.106261323224753,NA,NA,171.415994687121,"lin",19.7142857142857,0,"mean","absolute",0,9.42583401439052e-27,5,"18","06","no"
-9.46669967186517,13,7,-2.12740042683949,0.625744926780188,NA,NA,194.277473345378,"lin",19.7142857142857,0,"mean","absolute",0,9.31165240424227e-27,5,"18","06","no"
-9.14961281932028,18,4,-1.37044106636003,0.408831496477476,NA,NA,182.706657586203,"lin",19.7142857142857,0,"mean","absolute",0,7.94643290116632e-27,5,"18","06","no"
-8.85667750343873,18,2,-1.20251734880406,0.363579349063092,NA,NA,182.44093327329,"lin",19.7142857142857,0,"mean","absolute",0,6.86376056156978e-27,5,"18","06","no"
-8.80435837983077,19,4,-1.24340518794333,0.376857385947453,NA,NA,180.659311658602,"lin",19.7142857142857,0,"mean","absolute",0,6.68653576097767e-27,5,"18","06","no"
-8.803064063276,4,2,-0.509074190823024,0.154302028900106,NA,NA,178.204076618722,"lin",19.7142857142857,0,"mean","absolute",0,6.68220991391774e-27,5,"18","06","no"
-8.77065894669977,16,5,-2.1444153153099,0.650963209914219,NA,NA,193.191963365495,"lin",19.7142857142857,0,"mean","absolute",0,6.57481341678941e-27,5,"18","06","no"
-8.63244480034973,19,2,-1.12263191228838,0.343011941745692,NA,NA,180.852797697909,"lin",19.7142857142857,0,"mean","absolute",0,6.13579176454654e-27,5,"18","06","no"
-8.55658515502546,16,8,0.995030101361354,0.305122120449357,NA,NA,158.828099059632,"lin",19.7142857142857,0,"mean","absolute",0,5.90742068685378e-27,5,"18","06","no"
-7.52257319604814,16,3,-1.42578938586624,0.460489383907408,NA,NA,186.312276497156,"lin",19.7142857142857,0,"mean","absolute",0,3.52261398948658e-27,5,"18","06","no"
-7.35495662836365,17,15,0.350839629525502,0.114327649287164,NA,NA,166.746812322981,"lin",19.7142857142857,0,"mean","absolute",0,3.23942239517803e-27,5,"18","06","no"
-6.75645237022491,16,14,0.428057548953621,0.144204223362718,NA,NA,165.839433064317,"lin",19.7142857142857,0,"mean","absolute",0,2.40161856408447e-27,5,"18","06","no"
-6.57339573024456,16,9,0.5822399006732,0.198238461960777,NA,NA,162.914306569006,"lin",19.7142857142857,0,"mean","absolute",0,2.19156213183914e-27,5,"18","06","no"
-6.20081401867174,19,5,-1.15448842386281,0.401946055078885,NA,NA,179.247404692294,"lin",19.7142857142857,0,"mean","absolute",0,1.81906700671223e-27,5,"18","06","no"
-5.93480860081399,19,3,-0.965100320746102,0.341618346583001,NA,NA,178.502528585914,"lin",19.7142857142857,0,"mean","absolute",0,1.59252535053961e-27,5,"18","06","no"
-5.87937126210363,18,5,-1.23210360974162,0.437667765718688,NA,NA,180.692929335678,"lin",19.7142857142857,0,"mean","absolute",0,1.54898884143727e-27,5,"18","06","no"
-5.8267976445868,18,3,-1.02001225885835,0.363548405091037,NA,NA,179.670875316771,"lin",19.7142857142857,0,"mean","absolute",0,1.50880138211126e-27,5,"18","06","no"
-5.4836024917895,17,10,0.550345914977031,0.200616115993994,NA,NA,164.14247543512,"lin",19.7142857142857,0,"mean","absolute",0,1.27089067369411e-27,5,"18","06","no"
-4.63184871169051,13,12,0.352164152580314,0.136393128775925,NA,NA,165.126864813664,"lin",19.7142857142857,0,"mean","absolute",0,8.30141660446531e-28,5,"18","06","no"
-4.63056614724155,19,19,-0.391050189265443,0.151468369390368,NA,NA,168.770688155277,"lin",19.7142857142857,0,"mean","absolute",0,8.29609476014334e-28,5,"18","06","no"
-4.62302676540639,13,11,-0.405819520450243,0.157278750089083,NA,NA,171.512203453125,"lin",19.7142857142857,0,"mean","absolute",0,8.26487991919091e-28,5,"18","06","no"
-4.31130286568987,13,9,0.560611551136597,0.22258288882798,NA,NA,161.879222672768,"lin",19.7142857142857,0,"mean","absolute",0,7.07207020508476e-28,5,"18","06","no"
-3.80951845898926,15,7,2.15683162445714,0.892619837416173,NA,NA,144.681858255758,"lin",19.7142857142857,0,"mean","absolute",0,5.50282198659494e-28,5,"18","06","no"
-3.54469790789335,3,2,-0.354451635987276,0.150158693315606,NA,NA,175.681763721456,"lin",19.7142857142857,0,"mean","absolute",0,4.82037040961373e-28,5,"18","06","no"
-3.10795465918545,13,8,0.907333030927664,0.400486126834821,NA,NA,157.790505061396,"lin",19.7142857142857,0,"mean","absolute",0,3.8747422684417e-28,5,"18","06","no"
-3.10043204265548,19,17,-0.330805214147202,0.146121202851511,NA,NA,168.581502952484,"lin",19.7142857142857,0,"mean","absolute",0,3.86019554283226e-28,5,"18","06","no"
-2.98076650259009,4,3,-0.300774208822503,0.134442943061915,NA,NA,173.864977938876,"lin",19.7142857142857,0,"mean","absolute",0,3.63600325280535e-28,5,"18","06","no"
-2.86317193335435,12,12,0.208246181645511,0.0942025975463416,NA,NA,166.037013498572,"lin",19.7142857142857,0,"mean","absolute",0,3.42837979397952e-28,5,"18","06","no"
-2.79917316026513,10,6,-0.491477961161859,0.223803111440576,NA,NA,176.068895236828,"lin",19.7142857142857,0,"mean","absolute",0,3.32041043325953e-28,5,"18","06","no"
-2.39495203568367,19,6,-0.743342109577858,0.353709448447754,NA,NA,174.818297566454,"lin",19.7142857142857,0,"mean","absolute",0,2.71279057478142e-28,5,"18","06","no"
-2.13773383059652,18,17,-0.282578201488115,0.138572603080932,NA,NA,168.471951160513,"lin",19.7142857142857,0,"mean","absolute",0,2.38540455556147e-28,5,"18","06","no"
-1.88610902515302,13,13,0.273906568989502,0.138593359541122,NA,NA,166.163061024909,"lin",19.7142857142857,0,"mean","absolute",0,2.10340262736581e-28,5,"18","06","no"
-1.78365195741844,18,6,-0.747601576241353,0.383354288248473,NA,NA,175.275770165623,"lin",19.7142857142857,0,"mean","absolute",0,1.99836190676388e-28,5,"18","06","no"
-1.76480886361242,17,11,0.357692549316274,0.183874622570177,NA,NA,165.828399514068,"lin",19.7142857142857,0,"mean","absolute",0,1.97962266128661e-28,5,"18","06","no"
-1.70289798339854,18,12,0.374864494995715,0.194302638835304,NA,NA,166.182899992324,"lin",19.7142857142857,0,"mean","absolute",0,1.91928133509076e-28,5,"18","06","no"
-1.47282432057455,16,6,-1.0465107085792,0.560068844338397,NA,NA,179.720054060565,"lin",19.7142857142857,0,"mean","absolute",0,1.71071939336106e-28,5,"18","06","no"
-1.46600694028984,8,8,-0.15513782247116,0.0831076294955936,NA,NA,170.047525232928,"lin",19.7142857142857,0,"mean","absolute",0,1.70489800831413e-28,5,"18","06","no"
-1.28417074184654,15,10,0.41739340737992,0.229685803847103,NA,NA,164.584794161997,"lin",19.7142857142857,0,"mean","absolute",0,1.55672956901014e-28,5,"18","06","no"
-1.01474808917919,17,2,-0.788279244710529,0.452675120793428,NA,NA,178.070700694327,"lin",19.7142857142857,0,"mean","absolute",0,1.36053208774253e-28,5,"18","06","no"
-0.790977805534567,18,9,0.319023142301959,0.19037116020838,NA,NA,165.716500326503,"lin",19.7142857142857,0,"mean","absolute",0,1.21651561893423e-28,5,"18","06","no"
-0.713657613616306,12,9,0.260028439465776,0.157351252123696,NA,NA,164.930907301653,"lin",19.7142857142857,0,"mean","absolute",0,1.17038250933964e-28,5,"18","06","no"
-0.597539724280068,18,13,0.341046729531358,0.210915873423361,NA,NA,166.621153330904,"lin",19.7142857142857,0,"mean","absolute",0,1.10436629499598e-28,5,"18","06","no"
-0.535549207910663,19,16,-0.21786221161598,0.136361819542606,NA,NA,168.553618916684,"lin",19.7142857142857,0,"mean","absolute",0,1.0706612235928e-28,5,"18","06","no"
-0.527531325379641,14,10,0.440523565914193,0.276161926266862,NA,NA,164.03512768257,"lin",19.7142857142857,0,"mean","absolute",0,1.06637759777138e-28,5,"18","06","no"
-0.428804491350093,15,15,0.13200669411453,0.0844093965330366,NA,NA,167.499806291609,"lin",19.7142857142857,0,"mean","absolute",0,1.01501568472538e-28,5,"18","06","no"
-0.413466067956506,18,8,0.407842720388044,0.261610202265905,NA,NA,164.861897157742,"lin",19.7142857142857,0,"mean","absolute",0,1.00726108839245e-28,5,"18","06","no"
-0.149069199997939,12,10,-0.227981850913292,0.154911908428312,NA,NA,170.480418080967,"lin",19.7142857142857,0,"mean","absolute",0,8.82529043380265e-29,5,"18","06","no"
0.190670108743689,16,10,0.273300657597372,0.202243855169382,NA,NA,165.945547891282,"lin",19.7142857142857,0,"mean","absolute",0,7.44655759822364e-29,5,"18","06","no"
0.200249830380017,19,12,0.277457491834082,0.205860447057013,NA,NA,166.784136493636,"lin",19.7142857142857,0,"mean","absolute",0,7.41097490984656e-29,5,"18","06","no"
0.413990248714981,18,16,-0.160883583174517,0.127074074196319,NA,NA,168.449547571368,"lin",19.7142857142857,0,"mean","absolute",0,6.65981554529612e-29,5,"18","06","no"
0.46302993649806,19,9,0.24093753336779,0.193282290085408,NA,NA,166.413579952954,"lin",19.7142857142857,0,"mean","absolute",0,6.49850366084152e-29,5,"18","06","no"
0.505221802798587,9,7,-0.195979559807793,0.159393721951116,NA,NA,171.171442786042,"lin",19.7142857142857,0,"mean","absolute",0,6.36284758872613e-29,5,"18","06","no"
0.53084648472759,16,7,0.629578109052827,0.516439219243724,NA,NA,161.654029294338,"lin",19.7142857142857,0,"mean","absolute",0,6.28184464268692e-29,5,"18","06","no"
0.615741881439135,17,4,-0.650491245713813,0.549505127932518,NA,NA,175.504838378355,"lin",19.7142857142857,0,"mean","absolute",0,6.0207748996271e-29,5,"18","06","no"
0.795911690940557,12,8,0.312745150444826,0.282988114568467,NA,NA,164.250730710518,"lin",19.7142857142857,0,"mean","absolute",0,5.50210676543175e-29,5,"18","06","no"
0.94979753071766,19,8,0.264091427948519,0.255582150174539,NA,NA,166.124683294927,"lin",19.7142857142857,0,"mean","absolute",0,5.09463562164263e-29,5,"18","06","no"
0.980249948483106,17,6,0.498593645344771,0.489549205507163,NA,NA,162.864020278205,"lin",19.7142857142857,0,"mean","absolute",0,5.01765121314497e-29,5,"18","06","no"
1.08574292873254,18,14,0.147089176983468,0.152362563699453,NA,NA,167.522867018401,"lin",19.7142857142857,0,"mean","absolute",0,4.75984663534291e-29,5,"18","06","no"
1.11686576309057,17,3,-0.431866497949896,0.454997408322073,NA,NA,173.302853457753,"lin",19.7142857142857,0,"mean","absolute",0,4.68635001506863e-29,5,"18","06","no"
1.21669577301418,16,15,0.0895514866577146,0.100042225603823,NA,NA,167.682888274185,"lin",19.7142857142857,0,"mean","absolute",0,4.45817293431867e-29,5,"18","06","no"
1.2167713396766,19,13,0.193522102798079,0.216202921490212,NA,NA,167.313705784217,"lin",19.7142857142857,0,"mean","absolute",0,4.45800449287626e-29,5,"18","06","no"
1.30894901434112,11,9,0.114614329691092,0.136098155605345,NA,NA,166.596003713379,"lin",19.7142857142857,0,"mean","absolute",0,4.25720314296187e-29,5,"18","06","no"
1.3830589479594,13,10,-0.178377582728988,0.223802095250821,NA,NA,169.792888533154,"lin",19.7142857142857,0,"mean","absolute",0,4.10233957349157e-29,5,"18","06","no"
1.46541971264651,19,15,-0.0979232701151352,0.131670038589226,NA,NA,168.32568964305,"lin",19.7142857142857,0,"mean","absolute",0,3.93683482403129e-29,5,"18","06","no"
1.51670366263625,19,11,-0.133135126499608,0.187918391018242,NA,NA,168.743235184305,"lin",19.7142857142857,0,"mean","absolute",0,3.8371698679105e-29,5,"18","06","no"
1.65293141134043,14,7,0.515649896741125,0.852272235392998,NA,NA,162.053554197872,"lin",19.7142857142857,0,"mean","absolute",0,3.58450793123033e-29,5,"18","06","no"
1.67771128896038,19,7,-0.19676728314067,0.336785813307262,NA,NA,169.678779499171,"lin",19.7142857142857,0,"mean","absolute",0,3.54037009448077e-29,5,"18","06","no"
1.7361303261514,10,7,0.099605100653361,0.187204680140942,NA,NA,166.553140011456,"lin",19.7142857142857,0,"mean","absolute",0,3.43845330470073e-29,5,"18","06","no"
1.78207920603745,15,11,0.0929063106989549,0.190729161523225,NA,NA,167.382529949621,"lin",19.7142857142857,0,"mean","absolute",0,3.3603573067168e-29,5,"18","06","no"
1.86337390018798,19,14,0.0634293482729523,0.160477222371746,NA,NA,167.852067248092,"lin",19.7142857142857,0,"mean","absolute",0,3.22650646635457e-29,5,"18","06","no"
1.87233953877694,18,11,-0.0691111258067298,0.180079487299394,NA,NA,168.446128188541,"lin",19.7142857142857,0,"mean","absolute",0,3.21207499192694e-29,5,"18","06","no"
1.87899525624471,18,10,0.0727290699484813,0.193924998620965,NA,NA,167.604274565165,"lin",19.7142857142857,0,"mean","absolute",0,3.2014034266906e-29,5,"18","06","no"
1.88888275897261,16,11,0.0643973825890485,0.178061928765694,NA,NA,167.625533575934,"lin",19.7142857142857,0,"mean","absolute",0,3.18561554197717e-29,5,"18","06","no"
1.90136962658198,18,15,-0.0416719993569686,0.121133401736702,NA,NA,168.185587726417,"lin",19.7142857142857,0,"mean","absolute",0,3.16578832158882e-29,5,"18","06","no"
1.93079523609231,14,11,-0.0625945134835665,0.209799534146529,NA,NA,168.575248042566,"lin",19.7142857142857,0,"mean","absolute",0,3.11955166561775e-29,5,"18","06","no"
1.97902828038514,11,8,-0.0431995175143877,0.213511171007819,NA,NA,168.620027846587,"lin",19.7142857142857,0,"mean","absolute",0,3.04521885588281e-29,5,"18","06","no"
1.99050958728549,18,7,-0.0622850570592718,0.362679305052973,NA,NA,168.609999769541,"lin",19.7142857142857,0,"mean","absolute",0,3.02778739162026e-29,5,"18","06","no"
2.0029528379946,3,3,-0.014797043477249,0.113186181791818,NA,NA,168.388804428232,"lin",19.7142857142857,0,"mean","absolute",0,3.00900811221343e-29,5,"18","06","no"
2.01361612092023,17,5,0.0477031915349783,0.593387458707738,NA,NA,167.540541137788,"lin",19.7142857142857,0,"mean","absolute",0,2.9930078515295e-29,5,"18","06","no"
2.01635084672307,16,16,-0.00643364255814534,0.105242140158682,NA,NA,168.093940480415,"lin",19.7142857142857,0,"mean","absolute",0,2.98891812034023e-29,5,"18","06","no"
2.0199837654709,19,10,0.00213720736290293,0.198232008891004,NA,NA,168.053837133452,"lin",19.7142857142857,0,"mean","absolute",0,2.98349380002289e-29,5,"18","06","no"
