Number,Location,Species,Wood Type,CTW Tmin,CTW Tmax,Latitude,Longitude,Slope April - April:June-July Tmax,P-value April - April:June-July Tmax,Slope June-July - April:June-July Tmax,P-value June-July - April:June-July Tmax,Slope April:June-July Tmax,P-value April:June-July Tmax,January,January Sig,February,February Sig,March,March Sig,April,April Sig,May,May Sig,June,June Sig,July,July Sig,August,August Sig
1,"Sheridan Mountain, VT",Quercus rubra,RP,-2.738655512,7.864706013,44.5284,-71.63805,-0.032728135,0.801562639,-0.00792587,0.872171654,0.001593059,0.79155154,0.147530152,NS,0.101943917,NS,-0.1565247,NS,0.022071419,NS,-0.23520415,<0.05,-0.040387595,NS,0.112964017,NS,0.340875641,<0.05
2,"Goodnow Mountain, NY",Quercus rubra,RP,-3.69411771,8.826890937,43.9077167,-74.2180333,0.058358485,0.684035715,-0.007845603,0.892929594,-0.002215457,0.730670898,-0.044714294,NS,0.153384329,NS,-0.021602604,NS,0.086841852,NS,-0.042781142,NS,-0.1759753,NS,-0.120130463,NS,0.078610439,NS
3,"UMB Flux Site, MI",Quercus rubra,RP,-1.488235324,10.05546234,45.5598,-84.7138,0.147488696,0.252411412,0.047987366,0.398130278,-0.005850894,0.26970075,0.022685432,NS,0.149069281,NS,0.022919992,NS,0.044940787,NS,0.020151428,NS,-0.081237647,NS,-0.084795644,NS,-0.106614512,NS
4,"Rooster Hill, RH",Quercus rubra,RP,-1.457983214,10.80420183,43.23138,-74.52254,-0.088218377,0.453462129,-0.043622473,0.421118591,0.003570011,0.461256329,0.071905826,NS,-0.015036528,NS,-0.160347436,NS,-0.040533915,NS,0.02204548,NS,-0.085960678,NS,-0.011880362,NS,0.085617492,NS
5,"Lake George, NY",Quercus velutina,RP,-1.120168085,11.27815145,43.6844,-73.6024667,0.08375364,0.629170555,-0.004395532,0.955919299,-0.003541565,0.61325297,0.056387055,NS,-0.161450517,NS,-0.115949926,NS,-0.094359212,NS,0.043674866,NS,-0.295777751,<0.002,-0.175218113,NS,0.013587124,NS
6,"Winooski, VT",Carya ovata,RP,0.34201681,11.7327733,44.555753,-73.113145,0.03901939,0.820241545,-0.033738262,0.675539192,-0.001258,0.852568573,-0.093010817,NS,0.065459713,NS,-0.01879994,NS,0.015134695,NS,0.057817062,NS,-0.326735122,<0.002,-0.172162847,NS,0.029772967,NS
7,"Winooski, VT",Quercus alba,RP,0.34201681,11.7327733,44.555753,-73.113145,0.197819528,0.355754612,0.025724297,0.797628684,-0.00732253,0.385761762,-0.070594385,NS,0.081423986,NS,0.051321073,NS,0.041432118,NS,-0.08604361,NS,-0.247103941,<0.05,-0.252952361,<0.05,0.01673042,NS
8,"Winooski, VT",Quercus mongolica,RP,0.34201681,11.7327733,44.555753,-73.113145,0.140649495,0.472523477,0.028496473,0.756189924,-0.005278969,0.493962303,0.048350423,NS,0.121301822,NS,0.0294858,NS,0.03521532,NS,-0.096515162,NS,-0.155287069,NS,-0.149052225,NS,0.090494304,NS
9,"Pine Lake, NY",Quercus rubra,RP,-0.775630267,11.97563046,42.4713333,-74.9258167,-0.135272479,0.381498298,-0.108031927,0.156279696,0.005595692,0.378078713,0.121784095,NS,-0.121185855,NS,-0.085958961,NS,-0.043464258,NS,-0.018560215,NS,-0.307801419,<0.002,-0.239045859,<0.05,-0.111500603,NS
10,"Zoar Lick, NY",Quercus rubra,RP,-0.576470595,12.01680692,42.4230333,-78.8945,-0.042083051,0.780722342,-0.060565937,0.407570502,0.001489904,0.805807489,-0.111561718,NS,-0.099209076,NS,-0.00954069,NS,-0.127417995,NS,0.129588968,NS,-0.41175033,<0.002,-0.146646189,NS,-0.012073899,NS
11,"Singer Farm, NY",Quercus rubra,RP,2.115126085,12.03613465,43.3496333,-78.6612333,-0.010904448,0.931564265,-0.019709391,0.743953347,0.000257922,0.95853933,-0.013009489,NS,-0.053974305,NS,-0.033789503,NS,-0.106012206,NS,0.241112276,<0.05,-0.186186298,<0.05,-0.079012452,NS,-0.002204662,NS
12,"Warren Cutler Boy Scout Res., NY",Quercus rubra,RP,1.136134473,12.20504229,42.68245,-77.4299667,0.121412607,0.371658156,0.028811837,0.663861819,-0.005006668,0.347176927,0.000254878,NS,-0.004415576,NS,-0.104289967,NS,-0.177170126,NS,0.035487759,NS,-0.223923816,<0.05,-0.240185941,<0.05,-0.193595715,NS
13,"Arnot Forest, NY",Quercus rubra,RP,0.464705888,12.26386578,42.2716167,-76.6267667,0.017144861,0.898416308,-0.0398961,0.54420648,-0.000665018,0.899823654,0.093686508,NS,-0.139564106,NS,-0.124990244,NS,-0.075111323,NS,-0.230975381,<0.05,-0.334477623,<0.002,-0.340750113,<0.002,-0.136741905,NS
14,"Goose Egg Ridge, NY",Quercus rubra,RP,-0.589915974,12.47479012,43.0683333,-73.29,-0.346205111,0.015398446,-0.187752907,0.008327334,0.012888186,0.019590912,-0.037077742,NS,-0.165963748,<0.05,-0.176052944,<0.05,-0.238026124,<0.05,0.03493505,NS,-0.257548852,<0.002,-0.100697729,NS,0.00961403,NS
15,"Goose Egg Ridge, NY",Quercus alba,RP,-0.589915974,12.47479012,43.0683333,-73.29,-0.094756054,0.58583893,-0.092718327,0.276498475,0.003473298,0.606441893,-0.028014178,NS,-0.066513783,NS,-0.06764458,NS,-0.101595138,NS,-0.095181277,NS,-0.253599881,<0.05,-0.342830023,<0.002,-0.03270393,NS
16,"Goose Egg Ridge, NY",Quercus mongolica,RP,-0.589915974,12.47479012,43.0683333,-73.29,-0.29290317,0.101154522,-0.171642106,0.050071072,0.01101333,0.111751206,0.063955133,NS,-0.031709064,NS,-0.133310679,NS,-0.1517381,NS,-0.048049812,NS,-0.21511919,<0.05,-0.20538038,<0.05,0.020577291,NS
17,"Stott Farm, Argyle, NY",Carya glabra,RP,-0.589915974,12.47479012,43.188,-73.4988333,-0.034806334,0.822011732,-0.075579655,0.31881201,0.001492786,0.803486505,-0.131542026,NS,0.017351377,NS,-0.018098241,NS,0.007372282,NS,0.049694407,NS,-0.437856662,<0.002,-0.282876786,<0.05,-0.135286581,NS
18,"Breglia Cliffs, NY",Quercus mongolica,RP,-0.00504202,12.62521026,42.6085833,-74.31815,-0.051459639,0.711234868,-0.065960779,0.345580158,0.00210656,0.699171307,0.12813813,NS,0.102170686,NS,0.051226204,NS,-0.005172158,NS,-0.126199993,NS,-0.267971457,<0.002,-0.320088639,<0.002,-0.084875784,NS
19,"Curtiss-Gale Wildlife Preserve, NY",Quercus rubra,RP,2.210084064,12.6537817,43.2885833,-76.3885333,0.297398074,0.016850425,0.121039489,0.046594083,-0.011689152,0.015436287,0.057519507,NS,-0.080597102,NS,-0.103127872,NS,-0.125184787,NS,-0.004495667,NS,-0.224206277,<0.05,-0.179207664,NS,-0.146210357,NS
20,"Whiskey Hollow, NY",Quercus mongolica,RP,2.210084064,12.6537817,43.119135,-76.386846,0.004238953,0.978995977,-0.042307484,0.59282344,1.36E-06,0.999826717,-0.016140451,NS,0.115003478,NS,-0.089226831,NS,-0.00726576,NS,-0.110437295,NS,-0.274977258,<0.05,-0.218180235,<0.05,-0.067369314,NS
21,"Mt.Agamenticus, ME",Quercus mongolica,RP,0.568907573,12.9504204,43.22805,-70.6892,0.313333424,0.149340841,0.131150684,0.239471842,-0.012281924,0.14834588,0.133643937,NS,-0.035901658,NS,0.017716449,NS,-0.031901995,NS,-0.05407199,NS,-0.236233401,<0.05,-0.144799141,NS,0.055209046,NS
22,"Prospect Mountain, NY",Carya ovata,RP,0.289915971,13.01764731,43.4216667,-73.57,0.02928298,0.862704245,-0.018850313,0.82473168,-0.001427773,0.824267132,0.068168732,NS,0.042103477,NS,-0.105154161,NS,-0.148210546,NS,0.140419519,NS,-0.258818112,<0.05,-0.243541,<0.05,-0.030310176,NS
23,"Prospect Mountain, NY",Quercus rubra,RP,0.289915971,13.01764731,43.4182667,-73.7550833,-0.151994167,0.248963811,-0.107161236,0.107012241,0.005596345,0.263483783,0.031776492,NS,-0.131261113,NS,-0.158678216,NS,-0.109874834,NS,-0.024651238,NS,-0.374026606,<0.002,-0.128147784,NS,0.031561701,NS
24,"Wachusett Mountain, MA",Quercus rubra,RP,1.826890791,13.08067246,42.49,-71.88,-0.026870357,0.844338183,-0.016758997,0.810377342,0.000665885,0.900676601,0.010094698,NS,-0.204348638,NS,-0.201557086,<0.05,-0.217961164,<0.05,-0.150864796,NS,-0.200058138,<0.05,0.03229273,NS,-0.069820408,NS
25,"Mashomack Preserve, NY",Quercus stellata,RP,3.164705937,13.20840353,41.0415,-72.2845333,0.265646592,0.142066467,0.120060956,0.200386459,-0.010276713,0.153573797,0.01483541,NS,0.097132669,NS,-0.009803786,NS,0.054798608,NS,-0.076890298,NS,-0.013090337,NS,-0.115012634,NS,-0.006220659,NS
26,"Aquidneck, RH",Quercus rubra,RP,2.895798365,13.45042037,41.5692833,-71.2840333,-0.020231958,0.884185125,-0.041504053,0.565280518,0.000738339,0.890783518,-0.020190309,NS,-0.077012135,NS,-0.132507302,NS,-0.126508467,NS,0.04002192,NS,-0.283222286,<0.002,-0.25421545,<0.05,-0.231669399,<0.05
27,"New Port, RI",Quercus alba,RP,2.895798365,13.45042037,41.557004,-71.26675,0.134039501,0.384366891,0.062551365,0.434168221,-0.005436927,0.362404993,0.098825746,NS,-0.005768069,NS,-0.135851607,NS,-0.157822871,NS,0.044795151,NS,-0.087178252,NS,-0.099360003,NS,-0.123333322,NS
28,"Mohawk Trail St.Forest, MA",Quercus rubra,RP,1.46470591,13.91260528,42.0609,-72.3009,-0.548160146,0.550738717,-0.317726473,0.513684006,0.020157298,0.56563854,0.064656973,NS,-0.15795634,NS,0.067238931,NS,-0.089422705,NS,-0.014162336,NS,-0.060792782,NS,-0.059589342,NS,-0.094600449,NS
29,"Lisha Kill, NY",Carya glabra,RP,1.743697508,14.27142882,42.7949667,-73.86005,-0.004442683,0.979066476,-0.049296814,0.577169535,5.35E-05,0.993081771,0.03511162,NS,-0.045791992,NS,-0.011602229,NS,-0.105692916,NS,-0.107711589,NS,-0.281039473,<0.05,-0.369017423,<0.002,-0.019060026,NS
30,"Lisha Kill, NY",Quercus alba,RP,1.743697508,14.27142882,42.7914667,-73.85855,-0.016242165,0.91976795,-0.027697241,0.74209143,3.10E-05,0.995786742,0.243349577,<0.05,0.030854677,NS,-0.085574005,NS,-0.287601643,<0.002,-0.292452161,<0.05,-0.114557829,NS,-0.3508924,<0.002,-0.049374638,NS
31,"Harvard Forest, MA",Fraxinus americana,RP,0.596638667,14.38823551,42.53,-72.18,-0.045195853,0.810621742,-0.006655628,0.947819126,0.001733826,0.804395735,0.184780863,NS,0.130412518,NS,0.030668494,NS,0.032715846,NS,-0.268809872,<0.05,0.094805001,NS,0.158471696,NS,0.078802311,NS
32,"Harvard Forest, MA",Quercus rubra,RP,0.596638667,14.38823551,42.5388,-72.1755,-0.11944688,0.437353749,-0.059132617,0.481166354,0.004085578,0.473283972,0.021103035,NS,-0.133675229,NS,-0.070143703,NS,-0.118374094,NS,0.025777894,NS,-0.172589459,<0.05,-0.030493273,NS,-0.041507029,NS
33,"Harvard Forest LyfordPlots, MA",Quercus rubra,RP,0.5966387,14.388236,42.5388,-72.1755,-0.11944688,0.437353749,-0.059132617,0.481166354,0.004085578,0.473283972,0.060992431,NS,-0.126485652,NS,-0.13198241,NS,-0.13586487,NS,0.084797058,NS,-0.118600597,NS,0.106157579,NS,0.00958328,NS
34,"NorthRoundPondPlot2, NH",Fraxinus americana,RP,0.596638667,14.38823551,42.84771,-72.4475,-0.126993291,0.452622287,-0.07410571,0.427104809,0.004684361,0.451717214,0.107585085,NS,0.023247071,NS,-0.055094554,NS,-0.001819299,NS,-0.090336637,NS,-0.155370106,NS,0.124818266,NS,0.238584407,<0.05
35,"NorthRoundPondPlot3, NH",Quercus rubra,RP,0.596638667,14.38823551,42.84417,-72.44976,0.03254288,0.809596001,-0.003503777,0.962096776,-0.001218196,0.807667019,-0.09976279,NS,-0.182827595,NS,-0.131387715,NS,-0.056452774,NS,-0.063953265,NS,-0.178653538,<0.05,-0.17210345,<0.05,-0.030756029,NS
36,"Alan Seeger Natural Area, PA",Quercus alba,RP,2.962184931,14.68739521,40.69,-77.75,-0.031371607,0.850732842,-0.05283872,0.55810221,0.001322348,0.830276924,0.10353343,NS,-0.143353738,NS,-0.000567655,NS,0.031617011,NS,-0.100185462,NS,-0.23439211,<0.05,-0.240377685,<0.05,-0.227037344,<0.05
37,"Alan Seeger Natural Area, PA",Quercus rubra,RP,2.962184931,14.68739521,40.69,-77.75,-0.080534147,0.657040768,-0.083539174,0.394987568,0.002866655,0.669304995,0.111862318,NS,-0.207214509,<0.05,-0.07016966,NS,-0.073988095,NS,-0.156148616,NS,-0.28887563,<0.002,-0.282586828,<0.05,-0.241553929,<0.002
38,"Douglas, IN",Quercus alba,RP,2.373109279,14.69411787,41.518301,-84.866101,0.034579439,0.771465322,-0.021348245,0.737247311,-0.001141897,0.791955529,0.096542019,NS,0.007631451,NS,-0.107940666,NS,-0.01273362,NS,-0.089103108,NS,-0.350662521,<0.002,-0.284980738,<0.002,-0.335069312,<0.002
39,"Bronx, Hunter Island, NY",Quercus stellata,RP,5.645378253,14.79075655,40.8754556,-73.7900333,-0.032856999,0.863983248,-0.045902286,0.661863656,0.001031508,0.885854737,0.122705881,NS,0.015979699,NS,-0.014996083,NS,-0.137342378,NS,-0.182361153,<0.05,-0.2624919,<0.05,-0.212850529,<0.05,0.008566631,NS
40,"Montgomery Place, NY",Quercus mongolica,RP,1.978151285,14.80504227,42.0088,-73.91875,-0.140914363,0.681402411,-0.072399921,0.69427963,0.005003872,0.687337708,0.047350316,NS,0.106561183,NS,0.082768921,NS,-0.030761059,NS,0.118568215,NS,0.007969443,NS,0.015508275,NS,0.075642193,NS
41,"Montgomery Place, NY",Quercus rubra,RP,1.978151285,14.80504227,42.0088,-73.91875,-0.003971544,0.983140401,-0.032662481,0.745964942,0.000219692,0.974251247,0.096594029,NS,-0.039369135,NS,-0.067970353,NS,-0.015043695,NS,-0.105062041,NS,-0.241583593,<0.05,-0.11510435,NS,-0.02759012,NS
42,"Rams Horn Swamp, NY",Quercus alba,RP,1.978151285,14.80504227,42.19942,-73.864775,0.326671434,0.149987347,0.150021769,0.216916659,-0.011645185,0.156478945,0.01149491,NS,0.081258733,NS,-0.146808061,NS,0.035143403,NS,-0.126112448,NS,0.078816806,NS,-0.27564394,<0.05,-0.243865283,<0.05
43,"Goll, OH",Carya ovata,RP,2.358823565,15.05798349,41.553988,-84.36205,0.355411743,0.00193568,0.145530579,0.017522959,-0.012374316,0.002572135,-0.068062801,NS,-0.135612359,NS,-0.158053443,NS,0.116031744,NS,0.060712805,NS,-0.384380251,<0.002,-0.267976988,<0.05,-0.257840822,<0.05
44,"Goll, OH",Quercus alba,RP,2.358823565,15.05798349,41.553988,-84.36205,-0.026857207,0.824568979,-0.072736281,0.266637058,0.001029066,0.812680917,0.087809922,NS,-0.053104837,NS,-0.063930728,NS,-0.046387824,NS,-0.164607469,NS,-0.479657259,<0.002,-0.425544736,<0.002,-0.292393052,<0.002
45,"Johnson State Nature Preserve, OH",Carya ovata,RP,3.273949632,15.13697507,40.88,-81.75,0.220142053,0.03389897,0.086408568,0.134769895,-0.008048829,0.035645594,0.054870105,NS,-0.070586635,NS,-0.049546688,NS,0.031837558,NS,-0.100066739,NS,-0.35321439,<0.002,-0.35946156,<0.002,-0.146298296,NS
46,"Johnson State Nature Preserve, OH",Quercus alba,RP,3.273949632,15.13697507,40.88,-81.75,-0.045624573,0.759963965,-0.059340644,0.477666136,0.001164249,0.832706874,-0.047439204,NS,-0.122972204,NS,-0.029052731,NS,-0.22433581,<0.05,-0.126320534,NS,-0.386737443,<0.002,-0.261871594,<0.002,-0.217780702,<0.05
47,"Johnson State Nature Preserve, OH",Quercus rubra,RP,3.273949632,15.13697507,40.88,-81.75,-0.174659706,0.190481003,-0.10378754,0.164667934,0.006378915,0.195302513,-0.143991267,NS,0.026674122,NS,-0.01978968,NS,-0.045236232,NS,0.110456706,NS,-0.159809291,NS,0.026448867,NS,0.112262516,NS
48,"Black Rock Blueberry Fields, Black Rock Forest, NY",Quercus rubra,RP,2.657142908,15.21680694,41.383,-74.017,-1.378624575,0.100259875,-0.711725739,0.123514959,0.04995989,0.106522784,0.159050828,NS,0.058231372,NS,0.028869987,NS,-0.085837134,NS,0.00525596,NS,0.0159872,NS,0.080947727,NS,-0.005391397,NS
49,"Black Rock Lucky Streak Red, Black Rock Forest, NY",Quercus rubra,RP,2.657142908,15.21680694,41.383,-74.017,-1.378624575,0.100259875,-0.711725739,0.123514959,0.04995989,0.106522784,0.113827814,NS,-0.115417498,NS,-0.072066958,NS,-0.087113165,NS,0.031551156,NS,-0.290942278,<0.002,-0.29846209,<0.002,0.007752624,NS
50,"Schunemunk, NY",Quercus alba,RP,2.657142908,15.21680694,41.37607,-74.115522,-0.02700533,0.880871174,-0.031429679,0.751440735,0.000517498,0.937997495,0.181405686,NS,-0.064661267,NS,-0.03854961,NS,-0.248353565,<0.05,-0.125811689,NS,-0.097541575,NS,-0.311908425,<0.002,-0.024542888,NS
51,"Uttertown, NJ",Quercus rubra,RP,2.657142908,15.21680694,41.1170667,-74.4169833,-0.225184895,0.271025566,-0.168979337,0.134847308,0.008520907,0.259150846,0.131665543,NS,-0.11812726,NS,-0.013551361,NS,-0.003054305,NS,-0.030654045,NS,-0.203385434,<0.05,-0.316308793,<0.05,-0.108825267,NS
52,"Mohonk Preserve, Lenape Lane, NY",Quercus mongolica,RP,2.052941208,15.30000031,41.7638,-74.12465,-0.01233419,0.949919097,-0.036396892,0.737256089,0.000210559,0.976646306,0.254971336,<0.05,0.006469252,NS,-0.054051598,NS,-0.128322725,NS,-0.151752472,NS,-0.192428376,<0.05,-0.29039524,<0.05,-0.056315567,NS
53,"Mohonk Preserve, Lenape Lane, NY",Quercus velutina,RP,2.052941208,15.30000031,41.7638,-74.12465,-0.137257761,0.410923653,-0.117931632,0.201931174,0.004992599,0.414159755,0.052872259,NS,-0.09688536,NS,-0.145305753,NS,-0.085577001,NS,-0.098101399,NS,-0.281242004,<0.05,-0.337542771,<0.002,-0.056373652,NS
54,"Mohonk Preserve, Bonticou Crag, NY",Carya glabra,RP,2.052941208,15.30000031,41.8012,-74.1056833,-0.120286293,0.553056674,-0.108679458,0.332575424,0.004543433,0.540747258,0.134120998,NS,0.124451462,NS,0.082026094,NS,-0.009856895,NS,-0.183067489,NS,-0.251117448,<0.05,-0.233668117,<0.05,-0.119722911,NS
55,"Palmaghatt5, NY",Quercus mongolica,RP,2.052941208,15.30000031,41.705475,-74.251715,-0.092180039,0.651392223,-0.10558385,0.357281862,0.003403514,0.647036468,0.116303594,NS,0.001188025,NS,-0.154984702,NS,-0.059604666,NS,-0.154352836,NS,-0.244356938,<0.05,-0.335559021,<0.002,-0.064439311,NS
56,"Palmaghatt5, NY",Quercus rubra,RP,2.052941208,15.30000031,41.705475,-74.251715,-0.07106081,0.663732971,-0.09497053,0.30161558,0.002729236,0.646744669,0.040293537,NS,-0.13131991,NS,-0.171073489,<0.05,-0.036219738,NS,-0.091830358,NS,-0.365252154,<0.002,-0.316964974,<0.002,-0.125432687,NS
57,"Oppenheim, IN",Carya ovata,RP,3.526890805,15.4151263,41.339479,-85.763455,0.134685891,0.337479345,0.036246527,0.637667964,-0.004572328,0.360716145,0.049125333,NS,-0.131463369,NS,-0.024861659,NS,0.047434722,NS,-0.024956232,NS,-0.330688609,<0.002,-0.177191581,NS,-0.137518703,NS
58,"Oppenheim, IN",Quercus rubra,RP,3.526890805,15.4151263,41.339479,-85.763455,0.014118111,0.922953673,0.003139905,0.968743781,-0.000549124,0.915923746,-0.163951059,NS,0.07419388,NS,0.066978827,NS,-0.034816665,NS,0.020257964,NS,-0.004404246,NS,-0.041065662,NS,-0.007243655,NS
59,"DaveyWoods, OH",Quercus rubra,RP,2.831932815,15.55714315,40.137556,-83.907942,-0.228014865,0.173535501,-0.180957939,0.052949327,0.008411384,0.159230432,0.176484957,NS,0.015469137,NS,-0.074093903,NS,0.045073152,NS,-0.15204048,NS,-0.34308737,<0.002,-0.306957763,<0.002,-0.182018262,NS
60,"Starved Rock, IL",Quercus alba,RP,4.015126111,16.15462211,41.307161,-88.993812,0.018794894,0.878483338,-0.032253662,0.645796356,-0.000795377,0.852798806,-0.04233261,NS,-0.097220235,NS,-0.129292911,NS,-0.134609275,NS,-0.165060179,NS,-0.503555331,<0.002,-0.313029628,<0.002,-0.163450483,NS
61,"Starved Rock, IL",Quercus rubra,RP,4.015126111,16.15462211,41.307161,-88.993812,-0.011867333,0.92962816,-0.0535873,0.48512471,0.000334518,0.943086642,-0.113985372,NS,-0.140836695,NS,-0.151958603,NS,-0.103651073,NS,-0.079203406,NS,-0.530071523,<0.002,-0.275414809,<0.002,-0.129180278,NS
62,"Palisades-Kepler State Park, IA",Carya ovata,RP,3.797479049,16.52268943,41.908174,-91.512774,0.329746396,0.019631232,0.151122416,0.066074139,-0.011487267,0.018920333,0.051977716,NS,0.023765655,NS,-0.206859473,<0.05,-0.089702666,NS,-0.054443491,NS,-0.351396318,<0.002,-0.322271613,<0.002,-0.081296383,NS
63,"Palisades-Kepler State Park, IA",Quercus alba,RP,3.797479049,16.52268943,41.908174,-91.512774,0.191601997,0.103852046,0.073071526,0.286968735,-0.006934852,0.089290006,-0.028041986,NS,0.026547038,NS,-0.196122611,<0.05,-0.19341604,<0.05,-0.214784594,NS,-0.48486328,<0.002,-0.280729719,<0.05,-0.090930227,NS
64,"Meltzer, IN",Carya ovata,RP,4.647899226,16.80924407,39.505057,-85.669107,0.068270738,0.664328078,-0.008607941,0.923893733,-0.002311606,0.667345107,-0.000413891,NS,-0.084336649,NS,-0.158814337,NS,-0.005613083,NS,-0.167001803,NS,-0.414612952,<0.002,-0.309570598,<0.002,-0.376981707,<0.002
65,"Meltzer, IN",Fraxinus nigra,RP,4.647899226,16.80924407,39.505057,-85.669107,0.253579448,0.093608582,0.10586237,0.220487929,-0.008715738,0.09187665,0.040544099,NS,-0.031563855,NS,-0.076954756,NS,-0.035377202,NS,-0.14674621,NS,-0.445207271,<0.002,-0.194223241,NS,-0.217057356,<0.05
66,"Meltzer, IN",Quercus macrocarpa,RP,4.647899226,16.80924407,39.505057,-85.669107,0.141437253,0.276391984,0.039400578,0.595924068,-0.004749308,0.284975394,-0.071657526,NS,-0.000575479,NS,-0.030466863,NS,0.00982358,NS,-0.138174955,NS,-0.471769785,<0.002,-0.244191944,<0.05,-0.308410499,<0.002
67,"Cedar Knob, WV",Quercus mongolica,RP,2.678151296,17.18823562,38.65,-79.3667,0.025490325,0.870294526,-0.002092627,0.982415123,-0.001329913,0.814587727,0.109546488,NS,0.022675768,NS,0.025772569,NS,-0.232121025,<0.05,-0.008236502,NS,-0.231274867,<0.05,-0.202446386,<0.05,-0.321738662,<0.002
68,"Geode State Park, IA",Quercus alba,RP,4.531932865,17.26554655,40.82469,-91.391817,0.06946585,0.542679768,-0.022778114,0.732708716,-0.00241438,0.53079804,-0.013546817,NS,-0.03332381,NS,-0.16024487,NS,-0.10160293,NS,-0.281364809,<0.05,-0.60834611,<0.002,-0.436962315,<0.002,-0.2417247,<0.05
69,"Lacey Keosauqua State Park, IA",Carya ovata,RP,4.838655525,17.33277346,40.71661,-91.981867,0.083771888,0.556077672,0.004864715,0.953490528,-0.002503019,0.600776929,-0.095534555,NS,0.060586997,NS,-0.178221847,<0.05,0.083048799,NS,-0.126388294,NS,-0.369518752,<0.002,-0.220702969,<0.05,-0.166283346,NS
70,"Lacey Keosauqua State Park, IA",Quercus alba,RP,4.838655525,17.33277346,40.71661,-91.981867,0.049962592,0.663028514,-0.021828812,0.745469313,-0.001731607,0.65328628,-0.006606652,NS,-0.114015166,NS,-0.260929076,<0.002,-0.101758166,NS,-0.272116015,<0.05,-0.539874338,<0.002,-0.35547049,<0.002,-0.20755226,<0.05
71,"Green Ridge, MD",Carya ovata,RP,4.273109308,17.46470626,39.6569,-78.4005333,-0.088029866,0.677243579,-0.082036865,0.510297368,0.002903668,0.689762566,0.173350556,NS,-0.003860293,NS,-0.037424082,NS,-0.056997923,NS,-0.204562881,<0.05,-0.238180077,<0.05,-0.173521499,<0.05,-0.3070331,<0.05
72,"Kickapoo, IL",Carya ovata,RP,4.780672357,17.50840365,40.138291,-87.745765,-0.003215643,0.983819628,-0.059748,0.529270516,0.000114135,0.983109501,-0.011025431,NS,-0.098652496,NS,-0.026715534,NS,-0.059172857,NS,-0.134736139,NS,-0.542255614,<0.002,-0.315819116,<0.002,-0.226883307,<0.05
73,"Kickapoo, IL",Quercus alba,RP,4.780672357,17.50840365,40.138291,-87.745765,-0.035850611,0.814705184,-0.085686197,0.349771593,0.00106226,0.838129331,0.003906326,NS,-0.088154951,NS,-0.087837575,NS,-0.131294146,NS,-0.213225881,<0.05,-0.620769304,<0.002,-0.36403724,<0.002,-0.259210526,<0.05
74,"Otter Creek, PA",Quercus alba,RP,4.139495885,17.62605081,39.8784667,-76.3863667,-0.297246022,0.141120624,-0.228806932,0.058721727,0.010357893,0.138088779,0.114836365,NS,0.011128014,NS,-0.058908202,NS,-0.049887125,NS,-0.306901077,<0.002,-0.275359361,<0.002,-0.303567221,<0.002,-0.146073515,NS
75,"Otter Creek, PA",Quercus rubra,RP,4.139495885,17.62605081,39.8784667,-76.3863667,-0.238558601,0.192046692,-0.191616552,0.08044038,0.008530556,0.177410369,0.07677359,NS,0.007014542,NS,-0.090370923,NS,0.027379655,NS,-0.161554669,NS,-0.26406722,<0.05,-0.256995425,<0.05,-0.121872271,NS
76,"Otter Creek, PA",Quercus velutina,RP,4.139495885,17.62605081,39.8784667,-76.3863667,-0.098886109,0.622509264,-0.112927027,0.34723431,0.003683463,0.595910733,0.053821572,NS,0.074747668,NS,-0.051118757,NS,0.017308056,NS,-0.198657994,<0.05,-0.296912993,<0.002,-0.228283816,<0.002,-0.065023807,NS
77,"Browning Hill, IN",Quercus rubra,RP,5.062184947,18.00672301,39.060237,-86.279252,-0.164653242,0.314768442,-0.146439441,0.144194422,0.005693001,0.305914168,0.034103889,NS,-0.055089121,NS,-0.156268397,NS,0.022757093,NS,-0.011500169,NS,-0.395506986,<0.002,-0.268842299,<0.05,-0.089422418,NS
78,"Lily Dicky Nature Preserve, IN",Carya ovata,RP,5.062184947,18.00672301,39.2361,-86.2204,-0.199794463,0.248750297,-0.113621535,0.281575416,0.006862132,0.242897318,0.19769639,<0.05,0.230232618,<0.05,-0.16357031,<0.05,0.035462071,NS,0.086950599,NS,0.128501675,NS,0.017316776,NS,0.112088529,NS
79,"Lily Dicky Nature Preserve, IN",Quercus alba,RP,5.062184947,18.00672301,39.2361,-86.2204,-0.196290747,0.262271426,-0.186931599,0.081040554,0.006610275,0.265703996,0.005626849,NS,0.054619149,NS,-0.095946702,NS,-0.049421961,NS,-0.186738776,<0.05,-0.52626521,<0.002,-0.37363034,<0.002,-0.373866229,<0.002
80,"Lily Dicky Nature Preserve, IN",Quercus mongolica,RP,5.062184947,18.00672301,39.2361,-86.2204,-0.081946293,0.605697614,-0.093658502,0.333692394,0.002725995,0.612664372,0.127161838,NS,0.112066637,NS,-0.158011647,NS,-0.038957031,NS,-0.193052523,<0.05,-0.472534077,<0.002,-0.242784678,<0.05,-0.283921452,<0.05
81,"Lily Dicky Nature Preserve, IN",Quercus velutina,RP,5.062184947,18.00672301,39.2361,-86.2204,-0.197525737,0.177584188,-0.168229145,0.060535267,0.006737274,0.175212515,0.046232197,NS,0.053894983,NS,-0.101083298,NS,-0.011786933,NS,-0.180864809,NS,-0.48500247,<0.002,-0.299891959,<0.05,-0.281046163,<0.05
82,"MMSF Flux Site, IN",Carya ovata,RP,5.062184947,18.00672301,39.3232,-86.4131,-0.1591204,0.328280564,-0.148934435,0.134976613,0.005624168,0.308633835,0.040542803,NS,0.038842995,NS,0.024682265,NS,0.059324071,NS,-0.148862683,NS,-0.450721735,<0.002,-0.258611424,<0.05,-0.408426478,<0.002
83,"MMSF Flux Site, IN",Quercus alba,RP,5.062184947,18.00672301,39.3232,-86.4131,-0.242163112,0.207595767,-0.199228261,0.092364809,0.008538483,0.190896981,-0.070924294,NS,-0.047150799,NS,-0.136909949,NS,0.140109676,NS,-0.112943625,NS,-0.390193798,<0.002,-0.219338246,<0.05,-0.251769088,<0.05
84,"Lincoln's New Salem, IL",Carya ovata,RP,5.921848837,18.0697483,39.982858,-89.852411,-0.02191494,0.85804916,-0.060882042,0.413040584,0.000840911,0.83636032,-0.089809929,NS,-0.101635299,NS,-0.054377418,NS,0.009553501,NS,-0.197156572,<0.05,-0.571240376,<0.002,-0.292271456,<0.05,-0.323952705,<0.002
85,"Lincoln's New Salem, IL",Quercus alba,RP,5.921848837,18.0697483,39.982858,-89.852411,-0.06209868,0.65166889,-0.100556446,0.228753461,0.001920538,0.674217478,-0.026274036,NS,-0.011196246,NS,-0.161688752,NS,-0.117135134,NS,-0.31800481,<0.002,-0.646068917,<0.002,-0.365766243,<0.002,-0.318929236,<0.002
86,"Riddle, OH",Quercus alba,RP,4.152941237,18.12605082,39.349399,-82.072414,0.238142241,0.125670626,0.127415077,0.189233686,-0.008724613,0.107700583,0.057727339,NS,-0.156794946,NS,-0.112095665,NS,-0.163265053,NS,-0.152942996,NS,-0.310613565,<0.002,-0.141194429,NS,-0.224607552,<0.05
87,"Riddle, OH",Quercus mongolica,RP,4.152941237,18.12605082,39.349399,-82.072414,0.073220078,0.643687792,0.010620424,0.914472193,-0.003065987,0.578542204,0.107905852,NS,-0.106365385,NS,-0.089124723,NS,-0.209254617,<0.05,-0.265933314,<0.05,-0.41437249,<0.002,-0.225923396,<0.05,-0.228431044,<0.05
88,"MurphyTract, WV",Quercus alba,RP,3.42857149,18.15546254,39.262113,-80.997378,0.066870551,0.723958216,0.003872324,0.973701455,-0.002724962,0.684971286,0.13845775,NS,-0.110847031,NS,-0.027061952,NS,-0.15703059,NS,-0.332107068,<0.002,-0.328883134,<0.002,-0.249086549,<0.05,-0.236211418,<0.05
89,"Hoot Woods Site Easement, IN",Carya ovata,RP,5.340336215,18.311765,39.25,-86.89,-0.055866121,0.76340098,-0.090335701,0.425479808,0.001871058,0.763430079,0.017911873,NS,-0.068713973,NS,-0.028344502,NS,-0.037216403,NS,-0.113604594,NS,-0.463336182,<0.002,-0.27049488,<0.05,-0.285610962,<0.05
90,"Hoot Woods Site Easement, IN",Fraxinus americana,RP,5.340336215,18.311765,39.25,-86.89,0.039439494,0.826687586,-0.024266851,0.825207052,-0.001614632,0.789013315,0.043319029,NS,-0.037301335,NS,-0.203408196,<0.05,-0.126976351,NS,-0.211316063,<0.05,-0.454306465,<0.002,-0.293221396,<0.05,-0.147177653,NS
91,"Hoot Woods Site Easement, IN",Quercus rubra,RP,5.340336215,18.311765,39.25,-86.89,0.069115959,0.621790785,-0.00165397,0.984550951,-0.002025094,0.666052292,-0.020428185,NS,-0.062489811,NS,-0.075892215,NS,0.115618388,NS,-0.07253305,NS,-0.399068066,<0.002,-0.300294202,<0.05,-0.159542576,NS
92,"Bent Creek, NC",Quercus stellata,RP,4.328571487,18.50252136,35.5,-82.6,0.211553138,0.264024762,0.124417806,0.352441084,-0.00803515,0.256978536,0.108428811,NS,-0.037995102,NS,0.099913742,NS,-0.022476006,NS,-0.182174104,NS,-0.27834683,<0.05,-0.136952682,NS,0.015774822,NS
93,"Potomac River, Dranesville, VA",Quercus mongolica,RP,5.266386641,18.5344542,39.0581167,-77.3299167,-0.080189508,0.627579083,-0.078497492,0.437012158,0.002673096,0.631938269,0.166559615,NS,-0.097446471,NS,-0.095194739,NS,-0.016487898,NS,-0.344640929,<0.002,-0.186647775,NS,-0.298002457,<0.002,-0.144679323,NS
94,"Fox Ridge, IL",Carya ovata,RP,6.356302629,18.64117681,39.395555,-88.161265,-0.172806615,0.25149635,-0.143285444,0.123213626,0.005848282,0.23646653,-0.009646416,NS,-0.047905196,NS,-0.148984651,NS,0.048304403,NS,-0.081814919,NS,-0.401273272,<0.002,-0.159341353,<0.05,-0.037711063,NS
95,"Fox Ridge, IL",Quercus alba,RP,6.356302629,18.64117681,39.395555,-88.161265,-0.080957916,0.568651563,-0.107344249,0.220410528,0.002445369,0.599247878,-0.07704755,NS,-0.112002571,NS,-0.085111217,NS,-0.132506915,NS,-0.280873404,<0.05,-0.5626219,<0.002,-0.413017492,<0.002,-0.282123317,<0.002
96,"Lil Scaly Mountain, NC",Quercus alba,RP,4.494958052,18.71680708,35.031278,-83.257678,0.045923776,0.811380708,0.018344859,0.891580801,-0.001823001,0.796723722,-0.04157156,NS,-0.109516596,NS,0.030525447,NS,-0.029715787,NS,0.025334799,NS,-0.210275993,<0.05,-0.027242746,NS,-0.079905043,NS
97,"MOz Flux Site, MO",Carya ovata,RP,6.889075754,19.09747942,38.7441,-92.2,-0.196440976,0.161129396,-0.183687046,0.039485046,0.006381158,0.164726737,-0.005155089,NS,-0.006821375,NS,-0.095494349,NS,-0.090023842,NS,-0.224961461,<0.05,-0.565898558,<0.002,-0.416680759,<0.002,-0.305832737,<0.002
98,"MOz Flux Site, MO",Quercus alba,RP,6.889075754,19.09747942,38.7441,-92.2,-0.086749452,0.565881715,-0.140822187,0.14296006,0.003147939,0.525556558,0.034169848,NS,-0.017327975,NS,-0.176343454,NS,0.013162122,NS,-0.337581625,<0.002,-0.598283011,<0.002,-0.489967373,<0.002,-0.389412186,<0.002
99,"Donaldson Woods Nature Preserve, IN",Carya ovata,RP,5.52100849,19.11092478,38.73,-86.42,0.100350907,0.589696445,0.001740801,0.988130943,-0.00301404,0.625319221,0.031533761,NS,-0.077148267,NS,-0.014545084,NS,0.087539054,NS,-0.231167408,<0.05,-0.497603567,<0.002,-0.252230762,<0.05,-0.350008169,<0.002
100,"Donaldson Woods Nature Preserve, IN",Quercus alba,RP,5.52100849,19.11092478,38.73,-86.42,0.204986702,0.187089696,0.075314201,0.439940214,-0.006908412,0.180211795,0.050402501,NS,0.042042446,NS,-0.042630461,NS,-0.051849932,NS,-0.247101656,<0.05,-0.539533734,<0.002,-0.333852824,<0.002,-0.36940969,<0.002
101,"Donaldson Woods Nature Preserve, IN",Quercus rubra,RP,5.52100849,19.11092478,38.73,-86.42,0.080062121,0.550240397,0.004909966,0.953534867,-0.002545351,0.566931757,-0.0459221,NS,-0.077778727,NS,-0.054652965,NS,0.017212244,NS,-0.176313487,NS,-0.455467112,<0.002,-0.329515627,<0.002,-0.259771997,<0.05
102,"Donaldson Woods Nature Preserve, IN",Quercus velutina,RP,5.52100849,19.11092478,38.73,-86.42,0.005222851,0.969346778,-0.039378816,0.645369848,-0.000398008,0.929657949,-0.076520823,NS,0.000684365,NS,-0.087022547,NS,-0.122746165,NS,-0.18412881,<0.05,-0.541832967,<0.002,-0.302137606,<0.002,-0.334227638,<0.002
103,"Pionner Mothers Research Natural Area, IN",Carya ovata,RP,5.52100849,19.11092478,38.54,-86.45,0.065466183,0.740418059,-0.018921532,0.878987085,-0.002113234,0.747153165,0.069784158,NS,0.018170118,NS,-0.072622335,NS,-0.014673243,NS,-0.265547819,<0.05,-0.469866415,<0.002,-0.248432174,<0.05,-0.280155518,<0.05
104,"Pionner Mothers Research Natural Area, IN",Quercus alba,RP,5.52100849,19.11092478,38.54,-86.45,0.109180596,0.469126269,0.012689343,0.893261985,-0.003839627,0.443125946,0.096041489,NS,0.01263474,NS,-0.01948455,NS,-0.10669137,NS,-0.187988687,NS,-0.598644831,<0.002,-0.295560464,<0.05,-0.305169448,<0.002
105,"Pionner Mothers Research Natural Area, IN",Quercus rubra,RP,5.52100849,19.11092478,38.54,-86.45,0.140898305,0.299447928,0.02270131,0.789938987,-0.00429154,0.340530859,-0.02599383,NS,-0.050904678,NS,-0.039891234,NS,0.135359623,NS,-0.171661331,NS,-0.569279414,<0.002,-0.375645194,<0.002,-0.335044232,<0.05
106,"Babler, MO",Carya ovata,RP,7.336134542,19.21932809,38.620428,-90.694719,0.060652251,0.69240853,-0.013666937,0.886690861,-0.001837425,0.712845816,-0.143964356,NS,0.053617898,NS,-0.027211943,NS,0.009228182,NS,-0.112417943,NS,-0.468674122,<0.002,-0.28566857,<0.05,-0.213961484,<0.05
107,"Babler, MO",Quercus alba,RP,7.336134542,19.21932809,38.620428,-90.694719,0.01883931,0.868805367,-0.059227988,0.407289078,-0.000478404,0.897517824,-0.016305783,NS,0.032642095,NS,-0.13844225,NS,-0.022486035,NS,-0.314056251,<0.002,-0.622302037,<0.002,-0.467134656,<0.002,-0.409597066,<0.002
108,"Beall Woods, IL",Fraxinus americana,RP,7.317647175,19.22352972,38.349771,-87.828127,0.190741692,0.217445731,0.074772538,0.429400855,-0.006430673,0.195871813,0.082572662,NS,-0.068849266,NS,-0.113615587,NS,-0.154034216,NS,-0.291913041,<0.002,-0.474575796,<0.002,-0.252035235,<0.05,-0.182752425,NS
109,"Beall Woods, IL",Quercus alba,RP,7.317647175,19.22352972,38.349771,-87.828127,0.31925541,0.04331406,0.14334463,0.137133945,-0.010227408,0.04401364,-0.065006666,NS,0.002307359,NS,0.157740493,NS,-0.018148954,NS,-0.260902566,<0.05,-0.515041124,<0.002,-0.221284816,<0.05,-0.225908382,<0.05
110,"Saunders, IN",Carya ovata,RP,7.317647175,19.22352972,38.37071,-87.717271,0.248907619,0.180193265,0.103408121,0.362816477,-0.008113794,0.17419089,-0.151550149,NS,-0.152259545,NS,0.042374997,NS,-0.061757193,NS,-0.01711762,NS,-0.422709127,<0.002,-0.238940123,<0.05,-0.179323959,<0.05
111,"Saunders, IN",Quercus pagoda,RP,7.317647175,19.22352972,38.37071,-87.717271,0.293058383,0.090097788,0.140022802,0.18901401,-0.009072083,0.10231067,-0.03802688,NS,-0.023414489,NS,0.087243358,NS,0.123583934,NS,-0.253823568,<0.05,-0.294813488,<0.002,-0.231073837,<0.05,-0.240766034,<0.002
112,"Joyce Kilmer, NC",Quercus rubra,RP,5.268907665,19.39916002,35.358468,-83.930323,-0.033540573,0.868786215,-0.025453528,0.857661378,0.001580831,0.826480478,0.03123704,NS,-0.178844773,NS,-0.010071847,NS,0.108336554,NS,0.047422361,NS,0.055669001,NS,0.061732287,NS,-0.020644801,NS
113,"Joyce Kilmer, NC",Quercus rubra,RP,5.304201752,19.6159668,35.59803,-83.422387,0.261866011,0.147959679,0.171929573,0.172359677,-0.008804589,0.164632778,0.126438356,NS,-0.196007858,NS,-0.141273106,NS,0.148288341,NS,0.161100157,NS,-0.037037511,NS,0.030255705,NS,0.036931741,NS
114,"Greenbriar, TN",Quercus mongolica,RP,5.304201752,19.6159668,35.706691,-83.33878,0.26037054,0.168888118,0.161636541,0.219658503,-0.008653498,0.191442919,-0.017662664,NS,-0.129164472,NS,-0.129487274,NS,0.201307276,NS,-0.122391889,NS,-0.103319039,NS,-0.010337722,NS,-0.14421388,NS
115,"Blanton Forest, KY",Quercus alba,RP,5.65630263,19.76722731,36.875187,-83.360369,0.237954395,0.151345086,0.134012785,0.233307915,-0.008302609,0.145302319,-0.003300779,NS,-0.040427391,NS,-0.078139988,NS,-0.063838912,NS,0.13286361,NS,-0.314495309,<0.05,-0.175840899,NS,-0.113637277,NS
116,"Blanton Forest, KY",Quercus mongolica,RP,5.65630263,19.76722731,36.875187,-83.360369,0.127581823,0.432312542,0.069121637,0.530705619,-0.004412895,0.429363521,0.177091891,NS,0.163123188,NS,-0.216625045,<0.05,-0.007259619,NS,0.239387126,<0.05,-0.238468973,<0.05,-0.072506316,NS,-0.112281766,NS
117,"Hemmer, IN",Carya ovata,RP,7.348739628,19.79916011,38.229087,-87.366519,0.196935265,0.302289411,0.060915101,0.612798861,-0.006112817,0.320244617,-0.000393437,NS,0.020758713,NS,0.127540371,NS,0.085844454,NS,-0.187493874,NS,-0.48044487,<0.002,-0.307961902,<0.002,-0.30050594,<0.002
118,"Hemmer, IN",Quercus alba,RP,7.348739628,19.79916011,38.229087,-87.366519,0.214236355,0.229714751,0.062858336,0.575912323,-0.006956571,0.226105749,0.032557492,NS,0.045805339,NS,0.075617951,NS,-0.039351889,NS,-0.224169367,<0.05,-0.603399148,<0.002,-0.341840632,<0.002,-0.317880075,<0.05
119,"Bear Island, MD",Carya glabra,RP,7.004201799,19.79916015,38.9845667,-77.2423167,-0.186463521,0.508447842,-0.176251641,0.320808516,0.006185042,0.49989885,0.09971119,NS,-0.079910248,NS,0.037968215,NS,0.018317979,NS,-0.431322498,<0.002,-0.253139084,<0.05,-0.289217546,<0.05,-0.09485341,NS
120,"Smithsonian Conservation Biology Institute, VA",Carya cordiformis,RP,5.006896621,19.8094831,38.8935,-78.1454,-0.179123538,0.364861824,-0.153029685,0.229495003,0.006012733,0.356959784,0.031840827,NS,-0.087049605,NS,-0.157060065,NS,0.066271587,NS,-0.223380944,<0.05,-0.291577371,<0.002,-0.212125619,NS,-0.139185072,NS
121,"Smithsonian Conservation Biology Institute, VA",Carya glabra,RP,5.006896621,19.8094831,38.8935,-78.1454,0.025448712,0.884928562,-0.002283251,0.983896116,-0.000585107,0.919724924,-0.090081156,NS,-0.069567776,NS,-0.125339523,NS,0.159073742,NS,-0.213242089,NS,-0.096011228,NS,-0.024356307,NS,-0.082771396,NS
122,"Smithsonian Conservation Biology Institute, VA",Carya ovalis,RP,5.006896621,19.8094831,38.8935,-78.1454,-0.172685121,0.349527684,-0.134384869,0.258215023,0.006072642,0.319196207,-0.006201144,NS,0.01872227,NS,-0.041374055,NS,0.200014009,<0.05,-0.247410545,<0.05,-0.120447524,NS,-0.118929503,NS,-0.212675602,<0.05
123,"Smithsonian Conservation Biology Institute, VA",Carya tomentosa,RP,5.006896621,19.8094831,38.8935,-78.1454,-0.275666656,0.337947828,-0.20218946,0.274916758,0.009321025,0.326492925,-0.071941751,NS,-0.195485243,NS,-0.260513083,<0.05,0.061223111,NS,-0.097770874,NS,-0.238604616,<0.05,-0.133913354,NS,-0.27504051,<0.002
124,"Smithsonian Conservation Biology Institute, VA",Fraxinus americana,RP,5.006896621,19.8094831,38.8935,-78.1454,-0.252357018,0.111395778,-0.176364973,0.084050003,0.008193752,0.11739946,0.055568192,NS,-0.037748472,NS,-0.048230515,NS,0.03387343,NS,-0.303988404,<0.002,-0.214760373,<0.05,-0.044308457,NS,-0.101168425,NS
125,"Smithsonian Conservation Biology Institute, VA",Fraxinus nigra,RP,5.006896621,19.8094831,38.8935,-78.1454,0.348467798,0.150164634,0.238856296,0.125469134,-0.011966471,0.134646604,-0.049320179,NS,-0.111285747,NS,-0.017865356,NS,-0.163682472,NS,-0.053942144,NS,0.009713581,NS,0.151061993,NS,-0.012740052,NS
126,"Smithsonian Conservation Biology Institute, VA",Quercus alba,RP,5.006896621,19.8094831,38.8935,-78.1454,-0.128561188,0.499511978,-0.109931923,0.369804249,0.004547181,0.469524281,-0.016019089,NS,-0.005136196,NS,-0.08673364,NS,0.159077375,NS,-0.305050781,<0.002,-0.181631315,<0.05,-0.178284108,NS,-0.213667387,<0.05
127,"Smithsonian Conservation Biology Institute, VA",Quercus montana,RP,5.006896621,19.8094831,38.8935,-78.1454,-0.241653561,0.274592505,-0.163611943,0.250350505,0.00800948,0.272763191,-0.035175835,NS,-0.004570719,NS,-0.107044872,NS,0.002501548,NS,-0.236346939,<0.05,-0.115208855,NS,-0.06241029,NS,-0.199172948,<0.05
128,"Smithsonian Conservation Biology Institute, VA",Quercus rubra,RP,5.006896621,19.8094831,38.8935,-78.1454,-0.062716659,0.698086744,-0.062927569,0.545374576,0.002268547,0.670890081,-0.127810413,NS,-0.135337972,NS,-0.198827757,NS,0.10938131,NS,-0.286557612,<0.05,-0.133022557,NS,-0.281097502,<0.05,-0.172526221,NS
129,"Smithsonian Conservation Biology Institute, VA",Quercus velutina,RP,5.006896621,19.8094831,38.8935,-78.1454,-0.138936615,0.497054401,-0.121636347,0.355798502,0.004837779,0.473916175,-0.066058196,NS,-0.137560354,NS,-0.056503253,NS,0.091317656,NS,-0.177119163,NS,-0.147778243,NS,-0.252479391,<0.05,-0.237609332,<0.05
130,"Blue Ridge Parkway, VA",Quercus mongolica,RP,5.067226971,19.85546265,37.5364333,-79.4948833,-0.095051905,0.494840034,-0.070409684,0.442259896,0.003050872,0.520169864,0.131805018,NS,0.015347352,NS,-0.091859679,NS,-0.151985517,NS,0.172796011,NS,-0.079434856,NS,-0.173509314,NS,-0.130071894,NS
131,"Fiddler's Green, VA",Carya ovata,RP,5.067226971,19.85546265,37.7707167,-79.2416,-0.032736161,0.910526453,-0.080590997,0.674235755,0.001743912,0.860551079,0.09176782,NS,0.029554541,NS,0.074768123,NS,0.174423637,NS,-0.211690644,<0.05,-0.207714729,<0.05,-0.20114524,NS,-0.214650319,<0.05
132,"Fiddler's Green, VA",Quercus rubra,RP,5.067226971,19.85546265,37.7694333,-79.2415167,0.122710471,0.589638098,0.033611484,0.822209339,-0.003959567,0.609501355,0.049488355,NS,-0.091999441,NS,-0.07368444,NS,0.070332,NS,-0.190693878,<0.05,-0.223924367,<0.05,-0.296226411,<0.002,-0.245771987,<0.05
133,"Irish Creek, VA",Quercus alba,RP,5.067226971,19.85546265,37.6754667,-79.2880333,0.141446906,0.555434315,0.061740002,0.695493751,-0.004747721,0.561356503,-0.065297459,NS,-0.031463112,NS,0.007584846,NS,0.022941272,NS,-0.326216691,<0.002,-0.127630671,NS,-0.238758665,<0.05,-0.132654701,NS
134,"Irish Creek, VA",Quercus mongolica,RP,5.067226971,19.85546265,37.6754667,-79.2880333,-0.149308555,0.643282174,-0.088181567,0.677794849,0.005414504,0.622158012,0.18507172,NS,0.15372452,NS,0.035550565,NS,0.102347795,NS,-0.067027513,NS,0.129393894,NS,0.031949182,NS,0.054456267,NS
135,"Mt Pleasant, VA",Carya glabra,RP,5.067226971,19.85546265,37.73505,-79.2239667,0.014634395,0.989065916,0.001871777,0.997875818,0.000214828,0.995289751,0.017605314,NS,-0.056770912,NS,0.130700371,NS,0.046043529,NS,0.069652807,NS,-0.019146789,NS,0.072301606,NS,0.042678629,NS
136,"Mt Pleasant, VA",Quercus velutina,RP,5.067226971,19.85546265,37.73505,-79.2239667,0.190939992,0.36531687,0.104559772,0.450830906,-0.006715113,0.35020049,0.016128159,NS,-0.227624994,<0.05,-0.144993484,NS,-0.104581338,NS,0.034370567,NS,-0.148403202,NS,-0.199335924,<0.05,-0.049506356,NS
137,"Feryne Cliffe Nature Preserve, IL",Quercus alba,RP,7.633613602,20.57731133,37.5294,-88.9828,-0.107507151,0.472081329,-0.128566561,0.179823454,0.003288682,0.483235069,-0.004210632,NS,-0.025989174,NS,0.040171421,NS,-0.086810072,NS,-0.390589556,<0.002,-0.660970143,<0.002,-0.284150509,<0.05,-0.232073736,<0.05
138,"Giant City State Park, IL",Quercus alba,RP,7.57899172,20.59663911,37.6,-89.2,-0.0087496,0.953679625,-0.066217085,0.497668407,0.000307631,0.948548701,-0.047008725,NS,-0.044126414,NS,-0.077791683,NS,-0.047242748,NS,-0.339408579,<0.002,-0.627113359,<0.002,-0.297765195,<0.002,-0.255670927,<0.05
139,"Chinquapin Ridge, TN",Quercus alba,RP,6.678991698,20.98571467,35.689201,-83.61108,0.171813015,0.353416448,0.092220052,0.482046219,-0.00570431,0.356491929,-0.007764873,NS,-0.096501526,NS,0.010598503,NS,-0.0106501,NS,0.014108222,NS,-0.260355224,<0.05,-0.186711133,NS,-0.011273578,NS
140,"Big Canoe, GA",Quercus alba,RP,8.691596756,21.98067258,34.475663,-84.329251,0.107387806,0.515046139,0.049868106,0.673808837,-0.003474694,0.517236326,-0.003133336,NS,0.013855976,NS,0.026866937,NS,0.033386785,NS,-0.009153778,NS,-0.355714672,<0.05,-0.13999127,NS,-0.020682443,NS
141,"Three Ponds, KY",Carya tomentosa,RP,9.179832109,22.26470633,36.670247,-89.127605,0.161993351,0.446044041,0.066881057,0.641451926,-0.005009809,0.440720755,0.004633196,NS,-0.020133368,NS,0.051856305,NS,-0.043537541,NS,-0.220518178,<0.05,-0.399166227,<0.002,-0.192825358,NS,-0.192001275,<0.05
142,"Sipsey Wilderness, AL",Carya glabra,RP,9.513445549,22.91596674,34.357419,-87.427427,0.066939876,0.750647188,0.001793028,0.990607845,-0.001946621,0.769686072,0.147287768,NS,-0.023660464,NS,0.135852148,NS,0.07351845,NS,-0.538408038,<0.002,-0.398140236,<0.002,-0.243959798,<0.002,-0.086736036,NS
143,"UMB MI Flux Site, MI",Acer rubrum,DP,-1.488235324,10.05546234,45.5598,-84.7138,-0.139485797,0.457522368,-0.103517723,0.203837525,0.005883415,0.44327875,0.063043908,NS,-0.037731003,NS,-0.073438769,NS,-0.025094949,NS,0.02233747,NS,-0.203981668,<0.05,-0.201117803,NS,-0.126354088,NS
144,"UMB MI Flux Site, MI",Populus grandidentata,DP,-1.488235324,10.05546234,45.5598,-84.7138,0.187014202,0.354761473,0.089280919,0.318146937,-0.008013747,0.331858758,0.073162747,NS,-0.119246681,NS,-0.078451715,NS,-0.095308337,NS,0.107402938,NS,-0.058761115,NS,0.056452207,NS,-0.042672213,NS
145,"Goose Egg Ridge, NY",Fagus grandifolia,DP,-0.589915974,12.47479012,43.069875,-73.286652,-0.207826251,0.235569989,-0.143691065,0.099749357,0.008222768,0.225097771,0.055265902,NS,0.094334886,NS,-0.089356865,NS,0.019777512,NS,0.021886,NS,-0.221675397,<0.05,-0.215935741,<0.05,-0.122022583,NS
146,"Lincoln coln Mountain Sta.Forest, NY",Nyssa sylvatica,DP,0.289915971,13.01764731,43.1746667,-73.8168333,0.102127731,0.478155757,0.043477944,0.547770498,-0.003507124,0.521072095,0.047535787,NS,0.058596664,NS,0.054466847,NS,0.168360422,NS,-0.052232428,NS,-0.096174598,NS,0.084646317,NS,-0.089217988,NS
147,"Prospect Mountain ADKs, NY",Betula lenta,DP,0.289915971,13.01764731,43.4175,-73.729,-0.03414409,0.854859823,-0.053970787,0.565427153,0.001200453,0.865495289,-0.030204008,NS,0.000241525,NS,0.051555722,NS,-0.057899673,NS,-0.285974986,<0.002,-0.298419166,<0.002,-0.128339745,NS,-0.047376312,NS
148,"Harvard Forest, MA",Acer rubrum,DP,0.596638667,14.38823551,42.5388,-72.1755,-0.323668318,0.128207389,-0.20873937,0.072934912,0.011364158,0.149210978,0.23588529,<0.05,-0.133010679,NS,-0.156688478,NS,-0.240716554,<0.05,0.154396997,NS,-0.146592948,NS,-0.136894036,NS,-0.111289972,NS
149,"Harvard Forest, MA",Betula alleghaniensis,DP,0.596638667,14.38823551,42.5388,-72.1755,-0.262875818,0.306461862,-0.168483546,0.231662367,0.009267507,0.330628829,0.11672861,NS,-0.038369007,NS,-0.238805328,NS,-0.140295256,NS,0.217935494,NS,-0.245663543,<0.05,-0.19760305,NS,-0.143507788,NS
150,"Harvard Forest LyfordPlots, MA",Acer rubrum,DP,0.596638667,14.38823551,42.53,-72.18,-0.203746997,0.232877966,-0.123902954,0.184249641,0.007292611,0.249026779,0.107070505,NS,-0.094074045,NS,-0.145752229,NS,-0.114613853,NS,0.092893318,NS,-0.105508349,NS,-0.154294699,NS,0.036494294,NS
151,"NorthRoundPondPlot1, NH",Acer saccharum,DP,0.596638667,14.38823551,42.84514,-72.4473,0.096388918,0.657170599,0.038687769,0.744175461,-0.003337077,0.678338714,-0.050523745,NS,-0.056741947,NS,-0.136276406,NS,0.067172066,NS,0.001182479,NS,0.026353556,NS,-0.128838295,NS,0.092955951,NS
152,"NorthRoundPondPlot1, NH",Fagus grandifolia,DP,0.596638667,14.38823551,42.84514,-72.4473,0.093515547,0.529750731,0.051837839,0.523474564,-0.003423119,0.534705656,-0.078494447,NS,-0.006134011,NS,-0.048279613,NS,0.022942518,NS,0.131801706,NS,0.022426904,NS,0.010571004,NS,0.082784395,NS
153,"NorthRoundPondPlot3, NH",Acer rubrum,DP,0.596638667,14.38823551,42.84417,-72.44976,-0.169316651,0.390013055,-0.128477498,0.232930424,0.006477795,0.37480045,-0.100265392,NS,0.002489528,NS,-0.023820038,NS,0.031595048,NS,0.034575644,NS,-0.169412295,NS,-0.215693072,<0.05,-0.054264171,NS
154,"NorthRoundPondPlot3, NH",Betula lenta,DP,0.596638667,14.38823551,42.84417,-72.44976,-0.416450713,0.336615557,-0.31144694,0.198985867,0.015808941,0.32022365,0.052503237,NS,-0.184508695,<0.05,-0.120705338,NS,0.066605778,NS,-0.025630899,NS,-0.185162088,NS,-0.237717903,<0.05,-0.148875391,NS
155,"Bendix, IN",Acer saccharum,DP,3.583193362,14.64201705,41.664711,-86.508244,-0.152632576,0.402924884,-0.153505241,0.121836518,0.00600444,0.367264695,-0.003694513,NS,-0.145233733,NS,-0.057960106,NS,0.044560847,NS,0.095606803,NS,-0.400045108,<0.002,-0.302918351,<0.002,-0.206618394,NS
156,"Warren, MI",Fagus grandifolia,DP,3.583193362,14.64201705,41.827776,-86.623331,0.093799511,0.519652652,-0.022372956,0.776620598,-0.003039536,0.567310957,-0.175394552,NS,-0.260956737,<0.05,-0.183817326,NS,0.024816986,NS,0.081807161,NS,-0.485227017,<0.002,-0.353343914,<0.002,-0.28784817,<0.05
157,"Alan Seeger Natural Area, PA",Liriodendron tulipifera,DP,2.962184931,14.68739521,40.69,-77.75,0.125118111,0.574993851,0.03533077,0.769580324,-0.004134648,0.61651737,0.27000002,<0.002,0.104427971,NS,0.046101028,NS,0.136811759,NS,-0.028792534,NS,-0.125404629,NS,-0.149013363,NS,-0.071062306,NS
158,"Montgomery Place, NY",Liriodendron tulipifera,DP,1.978151285,14.80504227,42.0088,-73.91875,-0.003247083,0.989369647,-0.060949933,0.641171541,0.001063074,0.904134111,0.224416689,<0.05,0.093244131,NS,0.172471877,NS,0.255002602,<0.05,-0.118590134,NS,-0.203257138,<0.05,-0.138506079,NS,-0.111330557,NS
159,"Mohonk Preserve, NY",Betula lenta,DP,2.052941208,15.30000031,41.7986333,-74.11255,-1.939810991,0.045782538,-1.06511361,0.047199296,0.070249933,0.048268521,0.190079891,NS,-0.019644232,NS,0.07076196,NS,-0.084933941,NS,0.03598892,NS,-0.060723815,NS,0.060857822,NS,-0.036167855,NS
160,"Mohonk Preserve, NY",Liriodendron tulipifera,DP,2.052941208,15.30000031,41.7986333,-74.11255,-0.071714289,0.758878568,-0.093203036,0.470587094,0.00323315,0.705598674,0.122427183,NS,0.098109965,NS,0.104063662,NS,0.13474565,NS,-0.172174854,NS,-0.244787999,<0.002,-0.177785432,NS,-0.055545105,NS
161,"Palmaghatt1, NY",Betula alleghaniensis,DP,2.052941208,15.30000031,41.710008,-74.247273,-0.141197282,0.334712064,-0.109200839,0.185140144,0.005021338,0.346178529,-0.125578293,NS,-0.176397043,NS,0.003331947,NS,-0.115334637,NS,-0.066964562,NS,-0.370471786,<0.002,-0.139244696,NS,-0.034963058,NS
162,"Canterbury, IN",Liriodendron tulipifera,DP,3.496638732,15.35546246,41.126197,-85.109915,0.221961602,0.194335544,0.037649356,0.684343842,-0.007668703,0.208632967,0.038428078,NS,0.001691213,NS,-0.006721531,NS,0.010482268,NS,-0.134874443,NS,-0.536815422,<0.002,-0.356408953,<0.05,-0.252819233,<0.05
163,"Oppenheim, IN",Acer saccharum,DP,3.526890805,15.4151263,41.339479,-85.763455,-0.154995149,0.307913343,-0.080029372,0.337408857,0.005587965,0.302266602,-0.001662424,NS,0.083706947,NS,-0.041800265,NS,0.035263377,NS,0.001067037,NS,0.058155513,NS,0.043898207,NS,0.12590298,NS
164,"Oppenheim, IN",Liriodendron tulipifera,DP,3.526890805,15.4151263,41.339479,-85.763455,0.019809162,0.918220923,-0.050143691,0.636044073,-0.000357661,0.958506352,0.116379973,NS,0.050659375,NS,0.003615617,NS,0.049729933,NS,-0.10084689,NS,-0.378035709,<0.002,-0.205630174,NS,-0.113877475,NS
165,"Ginn, IN",Liriodendron tulipifera,DP,3.681512672,15.54621878,40.348062,-85.438848,0.393547865,0.148114875,0.104202086,0.487045475,-0.013571862,0.163474829,0.025119243,NS,-0.051514253,NS,-0.089688298,NS,0.067698101,NS,-0.071944188,NS,-0.499443018,<0.002,-0.339496734,<0.002,-0.187064097,NS
166,"Davey Woods, OH",Liriodendron tulipifera,DP,2.831932815,15.55714315,40.137556,-83.907942,-0.021712423,0.92118217,-0.101157205,0.407510982,0.00133523,0.864498919,0.083923583,NS,-0.0253996,NS,-0.009989486,NS,0.11390786,NS,-0.125386401,NS,-0.476320337,<0.002,-0.308366048,<0.002,-0.164655137,NS
167,"Hueston Woods, OH",Fagus grandifolia,DP,4.352941251,16.6000003,39.578252,-84.738961,0.12960267,0.510476232,-0.000636884,0.995539608,-0.003964889,0.565194993,0.070890504,NS,-0.026105645,NS,-0.110404856,NS,0.116929986,NS,-0.071006932,NS,-0.479007847,<0.002,-0.232771382,<0.05,-0.132758526,NS
168,"Hueston Woods, OH",Liriodendron tulipifera,DP,4.352941251,16.6000003,39.578252,-84.738961,-0.098288465,0.716784819,-0.156848714,0.318387877,0.004178524,0.659647431,0.063225994,NS,0.011493805,NS,-0.071965845,NS,0.122822896,NS,-0.126510203,NS,-0.441350069,<0.002,-0.272463554,<0.05,-0.182157204,NS
169,"Meltzer, IN",Acer saccharum,DP,4.647899226,16.80924407,39.505057,-85.669107,0.448670971,0.047141621,0.22283349,0.085702612,-0.015210214,0.048180873,-0.04480924,NS,0.018160043,NS,-0.067130379,NS,0.000751936,NS,-0.187584565,NS,-0.211164819,<0.05,-0.214917937,NS,-0.187092307,NS
170,"Meltzer, IN",Liriodendron tulipifera,DP,4.647899226,16.80924407,39.505057,-85.669107,0.286445346,0.289904712,0.060270996,0.698572483,-0.009411646,0.309695261,0.082650138,NS,-0.034248194,NS,-0.100035214,NS,0.053469046,NS,-0.209952742,<0.05,-0.465425149,<0.002,-0.370499016,<0.002,-0.282797194,<0.002
171,"Kickapoo, IL",Acer saccharum,DP,4.780672357,17.50840365,40.138291,-87.745765,0.235778049,0.175771181,0.068467814,0.509867373,-0.007630884,0.197322352,-0.098911801,NS,-0.085882477,NS,-0.157514439,NS,0.058489224,NS,-0.140214767,NS,-0.469189403,<0.002,-0.377048569,<0.002,-0.3108464,<0.05
172,"Otter Creek, PA",Liriodendron tulipifera,DP,4.139495885,17.62605081,39.8784667,-76.3863667,-0.259899974,0.375167904,-0.189289468,0.280025833,0.009126133,0.367811171,0.158811379,NS,0.094080409,NS,-0.097723019,NS,-0.007769133,NS,0.056638575,NS,-0.15364237,<0.05,-0.084353346,NS,0.098096337,NS
173,"Latimer Woods, IN",Acer saccharum,DP,5.062184947,18.00672301,39.158303,-86.493394,-0.210128799,0.244260978,-0.191514032,0.083232724,0.007356533,0.229705049,-0.047947877,NS,0.011682261,NS,0.029331521,NS,0.044097173,NS,-0.1946968,<0.05,-0.4808929,<0.002,-0.297892805,<0.05,-0.333053404,<0.05
174,"Latimer Woods, IN",Liriodendron tulipifera,DP,5.062184947,18.00672301,39.158303,-86.493394,-0.110601323,0.664734094,-0.148601593,0.340872317,0.004057327,0.639430872,0.012563577,NS,-0.147314749,NS,-0.079485572,NS,0.053279776,NS,-0.076198573,NS,-0.409029716,<0.002,-0.320255681,<0.002,-0.308758823,<0.002
175,"Lily Dicky Nature Preserve, IN",Acer saccharum,DP,5.062184947,18.00672301,39.2361,-86.2204,-0.082337346,0.682074762,-0.079149956,0.519066972,0.002865,0.674447269,-0.117357158,NS,-0.015045249,NS,-0.04099958,NS,0.001042543,NS,-0.008763801,NS,-0.250924563,<0.002,-0.0962658,NS,-0.154487229,NS
176,"Lily Dicky Nature Preserve, IN",Liriodendron tulipifera,DP,5.062184947,18.00672301,39.2361,-86.2204,-0.080812678,0.708860505,-0.12886208,0.329456534,0.003016354,0.681189288,0.099880941,NS,0.005600853,NS,-0.0935925,NS,0.072246658,NS,-0.128986864,NS,-0.500816778,<0.002,-0.369690378,<0.002,-0.351352131,<0.002
177,"MMSF Flux Site, IN",Acer saccharum,DP,5.062184947,18.00672301,39.3232,-86.4131,-0.242878364,0.217589069,-0.200675499,0.098154285,0.008534519,0.202186122,0.035834564,NS,0.007470453,NS,1.63E-05,NS,0.068630882,NS,-0.038982177,NS,-0.374952046,<0.002,-0.261219476,<0.05,-0.169111269,NS
178,"MMSF Flux Site, IN",Liriodendron tulipifera,DP,5.062184947,18.00672301,39.3232,-86.4131,0.11636116,0.67660713,0.016672438,0.922137636,-0.003461786,0.714631407,0.105586032,NS,-0.031510941,NS,0.02901459,NS,0.122024439,NS,-0.129283924,NS,-0.300683898,<0.002,-0.187773989,NS,-0.177271386,NS
179,"Lincoln's New Salem, IL",Acer saccharum,DP,5.921848837,18.0697483,39.982858,-89.852411,0.180092696,0.321240108,0.056015861,0.611558777,-0.00555022,0.357682019,-0.059646973,NS,-0.083861344,NS,-0.155883722,NS,0.108958821,NS,-0.109310381,NS,-0.283099207,<0.002,-0.301361351,<0.002,-0.23790868,<0.05
180,"Riddle, OH",Liriodendron tulipifera,DP,4.152941237,18.12605082,39.349399,-82.072414,0.36789848,0.136509847,0.180371784,0.241907084,-0.012653289,0.14176785,0.142390605,NS,0.072815605,NS,-0.097985213,NS,0.075168855,NS,-0.270766328,<0.002,-0.280676035,<0.002,-0.16587078,NS,-0.179459702,NS
181,"Hoot Woods Site Easement, IN",Liriodendron tulipifera,DP,5.340336215,18.311765,39.25,-86.89,-0.097969346,0.665287346,-0.125184056,0.365506622,0.003533404,0.641365224,0.050664045,NS,-0.059689707,NS,-0.087016363,NS,0.03887974,NS,-0.046396599,NS,-0.390333053,<0.002,-0.279820738,<0.05,-0.142176501,NS
182,"Fox Ridge, IL",Acer saccharum,DP,6.356302629,18.64117681,39.395555,-88.161265,-0.066427771,0.783056105,-0.135486265,0.36227623,0.002642026,0.738302093,-0.203307085,<0.05,-0.13349065,NS,-0.131414591,NS,0.071003312,NS,-0.122777954,NS,-0.465928878,<0.002,-0.360289381,<0.002,-0.350400179,<0.002
183,"MOz Flux Site, MO",Acer saccharum,DP,6.889075754,19.09747942,38.7441,-92.2,0.25616442,0.203932434,0.109925848,0.385617291,-0.008241788,0.213796682,-0.042841531,NS,-0.058876211,NS,-0.185462991,NS,0.02043803,NS,-0.235546863,<0.05,-0.408675653,<0.002,-0.270116543,<0.05,-0.122694616,NS
184,"Donaldson Woods Nature Preserve, IN",Acer saccharum,DP,5.52100849,19.11092478,38.73,-86.42,0.306364044,0.143601875,0.128072276,0.330785127,-0.009810578,0.158021255,-0.009777921,NS,-0.079083896,NS,-0.094315591,NS,0.105340813,NS,-0.172894924,NS,-0.451790544,<0.002,-0.255810561,<0.05,-0.259115668,<0.05
185,"Donaldson Woods Nature Preserve, IN",Liriodendron tulipifera,DP,5.52100849,19.11092478,38.73,-86.42,0.330190482,0.207405142,0.139997322,0.394684697,-0.010618891,0.221516199,-0.026547986,NS,-0.040816027,NS,-0.063841698,NS,0.077167893,NS,-0.091621831,NS,-0.323438679,<0.002,-0.295789959,<0.05,-0.307419286,<0.002
186,"Pionner Mothers Research Natural Area, IN",Acer saccharum,DP,5.52100849,19.11092478,38.54,-86.45,-0.005621612,0.974877839,-0.065284314,0.56143256,0.000456941,0.938494978,-0.054305873,NS,-0.096005628,NS,-0.122193039,NS,0.063376036,NS,-0.119459561,NS,-0.493890162,<0.002,-0.268778136,<0.05,-0.209936485,NS
187,"Pionner Mothers Research Natural Area, IN",Liriodendron tulipifera,DP,5.52100849,19.11092478,38.54,-86.45,0.021350706,0.910976231,-0.060896868,0.612386223,-0.000608477,0.923474007,-0.084401355,NS,-0.134437235,NS,-0.086706553,NS,0.008379571,NS,-0.145745159,NS,-0.536734966,<0.002,-0.362869679,<0.002,-0.378020694,<0.002
188,"Babler, MO",Acer saccharum,DP,7.336134542,19.21932809,38.620428,-90.694719,0.195315897,0.265504995,0.062219956,0.569992894,-0.005797682,0.309932169,-0.166109502,<0.05,-0.322758837,<0.002,-0.021610958,NS,0.147605035,NS,-0.091980394,NS,-0.349672654,<0.002,-0.282815923,<0.05,-0.145614217,NS
189,"Beall Woods, IL",Acer saccharum,DP,7.317647175,19.22352972,38.349771,-87.828127,0.171181488,0.407322587,0.029218654,0.817318732,-0.004874395,0.462798789,-0.022549147,NS,-0.134917562,NS,-0.086280658,NS,0.161094276,NS,-0.135197907,NS,-0.372974347,<0.002,-0.319552227,<0.002,-0.208735362,<0.05
190,"Beall Woods, IL",Liriodendron tulipifera,DP,7.317647175,19.22352972,38.349771,-87.828127,0.069102391,0.759057873,-0.03019764,0.826944235,-0.001878838,0.795292843,-0.015282808,NS,-0.038844888,NS,0.017008817,NS,0.071093061,NS,-0.126465561,NS,-0.4207948,<0.002,-0.265968034,<0.05,-0.194793991,<0.05
191,"Joyce Kilmer, NC",Liriodendron tulipifera,DP,5.268907665,19.39916002,35.358468,-83.930323,0.234341668,0.384175971,0.132955971,0.479727841,-0.00862475,0.367234277,0.236909803,<0.002,-0.022260637,NS,0.104539096,NS,-0.07576202,NS,-0.084481373,NS,-0.219917004,<0.05,-0.169611055,<0.05,-0.188888187,<0.05
192,"Boogerman, TN",Liriodendron tulipifera,DP,5.304201752,19.6159668,35.621211,-83.086317,0.32816195,0.14861139,0.206782841,0.190860289,-0.011488996,0.148689994,0.341677546,<0.002,0.087866681,NS,0.022951369,NS,0.018806056,NS,-0.019910173,NS,-0.21755574,<0.05,-0.047926025,NS,-0.074858681,NS
193,"Porter's Creek, TN",Liriodendron tulipifera,DP,5.304201752,19.6159668,35.677073,-83.397134,-0.025013076,0.920662641,-0.040869511,0.815252637,0.000639126,0.942062661,0.267283494,<0.002,0.002602771,NS,-0.023841061,NS,-0.078518584,NS,-0.102399468,NS,-0.223901516,<0.05,-0.108656251,NS,-0.063044712,NS
194,"Rainbow Falls, TN",Liriodendron tulipifera,DP,5.304201752,19.6159668,35.664957,-83.463175,0.224965429,0.399340632,0.11287286,0.543418311,-0.007646009,0.413302832,0.250315384,<0.05,0.042014506,NS,0.02664443,NS,0.051157746,NS,-0.156946017,NS,-0.281082461,<0.05,-0.129770468,NS,-0.23220593,<0.05
195,"Hemmer, IN",Acer saccharum,DP,7.348739628,19.79916011,38.229087,-87.366519,0.458759896,0.033052156,0.211622713,0.124631832,-0.013939127,0.044253757,0.092667881,NS,-0.142203611,NS,0.108091572,NS,0.257605965,<0.05,-0.113709392,NS,-0.470600267,<0.002,-0.308225085,<0.05,-0.197976624,NS
196,"Smithsonian Conservation Biology Institute, VA",Fagus grandifolia,DP,5.006896621,19.8094831,38.8935,-78.1454,-0.286845326,0.25136982,-0.230772049,0.150219734,0.009876703,0.232684925,-0.191203156,NS,-0.065720727,NS,-0.004852171,NS,0.243187003,<0.05,-0.203871327,<0.05,-0.152086771,NS,-0.287856085,<0.05,-0.239525612,NS
197,"Smithsonian Conservation Biology Institute, VA",Liriodendron tulipifera,DP,5.006896621,19.8094831,38.8935,-78.1454,-0.201282636,0.369802167,-0.128297751,0.3742089,0.006690677,0.36659637,0.010589738,NS,-0.117502359,NS,-0.029704894,NS,0.126992801,NS,-0.267866998,<0.05,-0.228697183,<0.05,-0.176370159,NS,-0.211842377,<0.05
198,"Fiddler's Green, VA",Liriodendron tulipifera,DP,5.067226971,19.85546265,37.7694333,-79.2415167,0.505178716,0.143307426,0.27940426,0.217790957,-0.017286648,0.141647817,0.222913369,NS,0.045606732,NS,-0.045305651,NS,-0.01291939,NS,-0.084710983,NS,-0.217734054,<0.05,-0.246562753,<0.05,-0.197667632,<0.05
199,"Fiddler's Green, VA",Magnolia acuminata,DP,5.067226971,19.85546265,37.7686833,-79.2423833,0.143715632,0.631706799,0.064558064,0.743368995,-0.004407305,0.666157179,0.091712613,NS,-0.060444306,NS,-0.080247938,NS,0.165484238,NS,-0.034305046,NS,-0.135726831,NS,-0.052199382,NS,-0.047254166,NS
200,"Wesselman, IN",Liriodendron tulipifera,DP,7.78319337,20.1210088,37.984732,-87.512485,0.017610166,0.947540432,-0.077744966,0.644461437,6.81E-06,0.999356473,0.058679107,NS,-0.030281178,NS,-0.009145503,NS,0.125084579,NS,-0.21313105,<0.05,-0.405480114,<0.002,-0.310181599,<0.002,-0.270062656,<0.05
201,"Daniel Boone London District, KY",Fagus grandifolia,DP,5.928571527,20.29831973,37.13,-84.27,0.44476271,0.026052399,0.254840972,0.055344764,-0.014767938,0.02575184,0.048217433,NS,-0.023516083,NS,-0.088668806,NS,0.027008453,NS,0.023588403,NS,-0.37725092,<0.002,-0.201904192,<0.05,-0.137607902,NS
202,"Daniel Boone London District, KY",Liriodendron tulipifera,DP,5.928571527,20.29831973,37.13,-84.27,0.289216188,0.244353756,0.15592861,0.346531747,-0.009816461,0.233141199,0.218122527,<0.05,-0.035562563,NS,-0.035057556,NS,-0.0538742,NS,-0.008839236,NS,-0.344540922,<0.002,-0.113407056,NS,-0.130613464,NS
203,"Mammoth Cave, KY",Liriodendron tulipifera,DP,7.275630384,20.48739537,37.187032,-86.103961,-0.112012071,0.653626627,-0.115202847,0.48091606,0.003337096,0.680011173,0.093784996,NS,-0.14808881,NS,-0.048444197,NS,-0.088481059,NS,-0.059554529,NS,-0.410782318,<0.002,-0.118387075,NS,-0.144909129,NS
204,"Feryne Cliffe Nature Preserve, IL",Liriodendron tulipifera,DP,7.633613602,20.57731133,37.5294,-88.9828,-0.341470671,0.189417055,-0.322705589,0.053336664,0.010912379,0.181372378,-0.020140162,NS,-0.059375583,NS,-0.042270853,NS,-0.018100236,NS,-0.26414143,<0.05,-0.498446157,<0.002,-0.403828473,<0.002,-0.237406468,<0.05
205,"Frick Creek, GA",Liriodendron tulipifera,DP,6.917647173,20.74117686,34.76,-84.3,0.327919941,0.14893422,0.224798068,0.159960563,-0.011617867,0.130426037,0.290922269,<0.05,0.055637449,NS,-0.055831061,NS,-0.127797023,NS,-0.073346474,NS,-0.230672122,<0.05,-0.000604643,NS,-0.010543869,NS
206,"Chinquapin Ridge, TN",Liriodendron tulipifera,DP,6.678991698,20.98571467,35.689201,-83.61108,0.251280496,0.334475855,0.141822746,0.442019168,-0.00857437,0.324373435,0.179927665,<0.05,0.081978505,NS,0.020110668,NS,-0.037337364,NS,-0.028935982,NS,-0.244547859,<0.05,-0.213830794,<0.05,-0.072902588,NS
207,"Forge Creek, TN",Liriodendron tulipifera,DP,6.678991698,20.98571467,35.553618,-83.838504,-0.044113141,0.873606684,-0.09786834,0.618847955,0.001354914,0.883742431,0.299099282,<0.002,0.130797072,NS,-0.023149066,NS,-0.073616087,NS,-0.180406031,<0.05,-0.388721056,<0.002,-0.298008436,<0.002,-0.262344685,<0.002
208,"Scotts Gap, TN",Liriodendron tulipifera,DP,6.678991698,20.98571467,35.594863,-83.916167,0.033969525,0.917358849,-0.055009641,0.812700366,-0.001579916,0.885166465,0.117445874,NS,0.017594666,NS,-0.094370655,NS,-0.155757531,NS,-0.219203135,<0.05,-0.440388601,<0.002,-0.303780932,<0.002,-0.196673054,<0.05
